[
    {
        "stepId": "STEP1",
        "stepName": "Url: SmileDirectClubWeb",
        "infFile": "t1.inf",
        "time": 1565614853564
    },
    {
        "stepId": "STEP2",
        "stepName": "Custom Request: Configuration",
        "infFile": "t3.inf",
        "time": 1565614853677
    },
    {
        "stepId": "STEP3",
        "stepName": "Custom Request: GetDetectionTicket",
        "infFile": "t4.inf",
        "time": 1565614857785
    },
    {
        "stepId": "STEP4",
        "stepName": "Custom Request: GetDetectionStatus",
        "infFile": "t5.inf",
        "time": 1565614857845
    },
    {
        "stepId": "STEP5",
        "stepName": "Custom Request: GetDetectionStatus_2",
        "infFile": "t6.inf",
        "time": 1565614857906
    },
    {
        "stepId": "STEP6",
        "stepName": "Custom Request: GetDetectionStatus_3",
        "infFile": "t7.inf",
        "time": 1565614857973
    },
    {
        "stepId": "STEP7",
        "stepName": "Submit Data: List",
        "infFile": "t8.inf",
        "time": 1565614858078
    },
    {
        "stepId": "STEP8",
        "stepName": "Custom Request: GetAuthMethods",
        "infFile": "t9.inf",
        "time": 1565614858141
    },
    {
        "stepId": "STEP9",
        "stepName": "Custom Request: reportDetectionStatus",
        "infFile": "t11.inf",
        "time": 1565614864359
    },
    {
        "stepId": "STEP10",
        "stepName": "Submit Data: LoginAttempt",
        "infFile": "t12.inf",
        "time": 1565614864567
    },
    {
        "stepId": "STEP11",
        "stepName": "Submit Data: List_2",
        "infFile": "t13.inf",
        "time": 1565614864760
    },
    {
        "stepId": "STEP12",
        "stepName": "Custom Request: AllowSelfServiceAccountManagement",
        "infFile": "t15.inf",
        "time": 1565614864922
    },
    {
        "stepId": "STEP13",
        "stepName": "Submit Data: {ICA_FILE}",
        "infFile": "t16.inf",
        "time": 1565614874570
    }
]