[
    {
        "transactionName": "Login",
        "rawStartTime": 1565614864370,
        "rawEndTime": 1565614864933
    },
    {
        "transactionName": "ICA",
        "rawStartTime": 1565614873964,
        "rawEndTime": 1565614877277
    },
    {
        "transactionName": "Open_ICA",
        "rawStartTime": 1565614877293,
        "rawEndTime": 1565614892401
    },
    {
        "transactionName": "Open_CAD",
        "rawStartTime": 1565614902420,
        "rawEndTime": 1565614902654
    },
    {
        "transactionName": "Patient_files",
        "rawStartTime": 1565614912677,
        "rawEndTime": 1565614919677
    },
    {
        "transactionName": "Create_Patient",
        "rawStartTime": 1565614935702,
        "rawEndTime": 1565614935905
    },
    {
        "transactionName": "Patient_details",
        "rawStartTime": 1565614945952,
        "rawEndTime": 1565614970171
    },
    {
        "transactionName": "Save",
        "rawStartTime": 1565614973218,
        "rawEndTime": 1565614973467
    }
]