{"isSubscriptionEnabled":true,"isUnauthenticatedStore":false,"resources":[{"clienttypes":["ica30","rdp"],"iconurl":"Resources\/Icon\/L0NpdHJpeC9TbWlsZURpcmVjdENsdWIvcmVzb3VyY2VzL3YyL2NqTTJXVmxLZW1OTFNISnJWREJMZG5GbGRWbGxTVGNyTVRFMFBRLS0vaW1hZ2U-?size=128","id":"XenDesktop Controller.3Shape 3D Viewer","launchstatusurl":"Resources\/GetLaunchStatus\/WGVuRGVza3RvcCBDb250cm9sbGVyLjNTaGFwZSAzRCBWaWV3ZXI-","launchurl":"Resources\/LaunchIca\/WGVuRGVza3RvcCBDb250cm9sbGVyLjNTaGFwZSAzRCBWaWV3ZXI-.ica","mandatory":true,"name":"3Shape 3D Viewer","path":"\\","position":"1","shortcutvalidationurl":"Resources\/ValidateAppShortcutLaunch\/WGVuRGVza3RvcCBDb250cm9sbGVyLjNTaGFwZSAzRCBWaWV3ZXI-","subscriptionstatus":"subscribed"},{"clienttypes":["ica30","rdp"],"description":"CAD Performance Test","desktopassignmenttype":"shared","iconurl":"Resources\/Icon\/L0NpdHJpeC9TbWlsZURpcmVjdENsdWIvcmVzb3VyY2VzL3YyL00zZE9NVWROUmtWMFQwZDBhME5yWVRJM2NsaDBia04yUTFkU1QxbFNkVGhXU1ZWQlRXWlNWbFJpZHowLS9pbWFnZQ--?size=128","id":"XenDesktop Controller.CADPerformance $S81-144","isdesktop":true,"launchstatusurl":"Resources\/GetLaunchStatus\/WGVuRGVza3RvcCBDb250cm9sbGVyLkNBRFBlcmZvcm1hbmNlICRTODEtMTQ0","launchurl":"Resources\/LaunchIca\/WGVuRGVza3RvcCBDb250cm9sbGVyLkNBRFBlcmZvcm1hbmNlICRTODEtMTQ0.ica","mandatory":true,"name":"CADPerformance","path":"\\","position":"2","poweroffurl":"Resources\/PowerOff\/WGVuRGVza3RvcCBDb250cm9sbGVyLkNBRFBlcmZvcm1hbmNlICRTODEtMTQ0","shortcutvalidationurl":"Resources\/ValidateAppShortcutLaunch\/WGVuRGVza3RvcCBDb250cm9sbGVyLkNBRFBlcmZvcm1hbmNlICRTODEtMTQ0","subscriptionstatus":"subscribed"},{"clienttypes":["ica30","rdp"],"iconurl":"Resources\/Icon\/L0NpdHJpeC9TbWlsZURpcmVjdENsdWIvcmVzb3VyY2VzL3YyL2JHRnhlRmhYYmtwdmJqbFVWV3hwVlZaV1EyOXBlbmxITTI5QlBRLS0vaW1hZ2U-?size=128","id":"XenDesktop Controller.Explorer","launchstatusurl":"Resources\/GetLaunchStatus\/WGVuRGVza3RvcCBDb250cm9sbGVyLkV4cGxvcmVy","launchurl":"Resources\/LaunchIca\/WGVuRGVza3RvcCBDb250cm9sbGVyLkV4cGxvcmVy.ica","mandatory":true,"name":"File Explorer","path":"\\","position":"3","shortcutvalidationurl":"Resources\/ValidateAppShortcutLaunch\/WGVuRGVza3RvcCBDb250cm9sbGVyLkV4cGxvcmVy","subscriptionstatus":"subscribed"},{"clienttypes":["ica30","rdp"],"iconurl":"Resources\/Icon\/L0NpdHJpeC9TbWlsZURpcmVjdENsdWIvcmVzb3VyY2VzL3YyL2NFTm9NM1JKUnpObVZFTnpORXhRTUUxT2EyY3lVa3N5TXl0alBRLS0vaW1hZ2U-?size=128","id":"XenDesktop Controller.Google Chrome","launchstatusurl":"Resources\/GetLaunchStatus\/WGVuRGVza3RvcCBDb250cm9sbGVyLkdvb2dsZSBDaHJvbWU-","launchurl":"Resources\/LaunchIca\/WGVuRGVza3RvcCBDb250cm9sbGVyLkdvb2dsZSBDaHJvbWU-.ica","mandatory":true,"name":"Google Chrome","path":"\\","position":"4","shortcutvalidationurl":"Resources\/ValidateAppShortcutLaunch\/WGVuRGVza3RvcCBDb250cm9sbGVyLkdvb2dsZSBDaHJvbWU-","subscriptionstatus":"subscribed"},{"clienttypes":["ica30","rdp"],"iconurl":"Resources\/Icon\/L0NpdHJpeC9TbWlsZURpcmVjdENsdWIvcmVzb3VyY2VzL3YyL1duZHhaRlZXV0VWTWRuYzNPRGw2VEhWUUsyRkNTSE5WYVhoclBRLS0vaW1hZ2U-?size=128","id":"XenDesktop Controller.JRuler","launchstatusurl":"Resources\/GetLaunchStatus\/WGVuRGVza3RvcCBDb250cm9sbGVyLkpSdWxlcg--","launchurl":"Resources\/LaunchIca\/WGVuRGVza3RvcCBDb250cm9sbGVyLkpSdWxlcg--.ica","mandatory":true,"name":"JRuler","path":"\\","position":"5","shortcutvalidationurl":"Resources\/ValidateAppShortcutLaunch\/WGVuRGVza3RvcCBDb250cm9sbGVyLkpSdWxlcg--","subscriptionstatus":"subscribed"},{"clienttypes":["ica30","rdp"],"description":"OrthoSetup_Training","desktopassignmenttype":"shared","iconurl":"Resources\/Icon\/L0NpdHJpeC9TbWlsZURpcmVjdENsdWIvcmVzb3VyY2VzL3YyL00zZE9NVWROUmtWMFQwZDBhME5yWVRJM2NsaDBia04yUTFkU1QxbFNkVGhXU1ZWQlRXWlNWbFJpZHowLS9pbWFnZQ--?size=128","id":"XenDesktop Controller.Win10_cadtst $S76-134","isdesktop":true,"launchstatusurl":"Resources\/GetLaunchStatus\/WGVuRGVza3RvcCBDb250cm9sbGVyLldpbjEwX2NhZHRzdCAkUzc2LTEzNA--","launchurl":"Resources\/LaunchIca\/WGVuRGVza3RvcCBDb250cm9sbGVyLldpbjEwX2NhZHRzdCAkUzc2LTEzNA--.ica","mandatory":true,"name":"Win10_CADTraining","path":"\\","position":"6","poweroffurl":"Resources\/PowerOff\/WGVuRGVza3RvcCBDb250cm9sbGVyLldpbjEwX2NhZHRzdCAkUzc2LTEzNA--","shortcutvalidationurl":"Resources\/ValidateAppShortcutLaunch\/WGVuRGVza3RvcCBDb250cm9sbGVyLldpbjEwX2NhZHRzdCAkUzc2LTEzNA--","subscriptionstatus":"subscribed"},{"clienttypes":["ica30","rdp"],"description":"CAD Citrix VDI","desktopassignmenttype":"shared","iconurl":"Resources\/Icon\/L0NpdHJpeC9TbWlsZURpcmVjdENsdWIvcmVzb3VyY2VzL3YyL00zZE9NVWROUmtWMFQwZDBhME5yWVRJM2NsaDBia04yUTFkU1QxbFNkVGhXU1ZWQlRXWlNWbFJpZHowLS9pbWFnZQ--?size=128","id":"XenDesktop Controller.Win10cad16gb $S62-114","isdesktop":true,"launchstatusurl":"Resources\/GetLaunchStatus\/WGVuRGVza3RvcCBDb250cm9sbGVyLldpbjEwY2FkMTZnYiAkUzYyLTExNA--","launchurl":"Resources\/LaunchIca\/WGVuRGVza3RvcCBDb250cm9sbGVyLldpbjEwY2FkMTZnYiAkUzYyLTExNA--.ica","mandatory":true,"name":"Win10_PRODUCTION","path":"\\","position":"7","poweroffurl":"Resources\/PowerOff\/WGVuRGVza3RvcCBDb250cm9sbGVyLldpbjEwY2FkMTZnYiAkUzYyLTExNA--","shortcutvalidationurl":"Resources\/ValidateAppShortcutLaunch\/WGVuRGVza3RvcCBDb250cm9sbGVyLldpbjEwY2FkMTZnYiAkUzYyLTExNA--","subscriptionstatus":"subscribed"},{"clienttypes":["ica30","rdp"],"iconurl":"Resources\/Icon\/L0NpdHJpeC9TbWlsZURpcmVjdENsdWIvcmVzb3VyY2VzL3YyL1UxZFNOblpTYkhaRmVUbEJNRzAzTjB3MWNHRkRLMUIyYm1zNFBRLS0vaW1hZ2U-?size=128","id":"XenDesktop Controller.Z Drive Search","launchstatusurl":"Resources\/GetLaunchStatus\/WGVuRGVza3RvcCBDb250cm9sbGVyLlogRHJpdmUgU2VhcmNo","launchurl":"Resources\/LaunchIca\/WGVuRGVza3RvcCBDb250cm9sbGVyLlogRHJpdmUgU2VhcmNo.ica","mandatory":true,"name":"Z Drive Search","path":"\\","position":"8","shortcutvalidationurl":"Resources\/ValidateAppShortcutLaunch\/WGVuRGVza3RvcCBDb250cm9sbGVyLlogRHJpdmUgU2VhcmNo","subscriptionstatus":"subscribed"}]}