<?xml version="1.0" encoding="utf-8"?>
<VugenScriptMetadata>
  <ScriptName>CAD_Treatment_Process_V2</ScriptName>
  <Protocol>Citrix ICA, Web - HTTP/HTML</Protocol>
  <ActionFiles>
    <FileEntry Name="vuser_init.c" Filter="2" />
    <FileEntry Name="Login.c" Filter="2" />
    <FileEntry Name="Action.c" Filter="2" />
    <FileEntry Name="Logout.c" Filter="2" />
    <FileEntry Name="vuser_end.c" Filter="2" />
  </ActionFiles>
  <GeneralFiles>
    <FileEntry Name="CAD_Treatment_Process_V2.usr" Filter="4" />
    <FileEntry Name="default.cfg" Filter="4" />
    <FileEntry Name="default.usp" Filter="4" />
    <FileEntry Name="CAD_Treatment_Process_V2.prm" Filter="2" />
    <FileEntry Name="globals.h" Filter="2" />
    <FileEntry Name="CITRIX_DESKTOP.dat" Filter="2" />
    <FileEntry Name="UserName.dat" Filter="2" />
    <FileEntry Name="CitrixExt1.xsl" Filter="2" />
    <FileEntry Name="Bookmarks.xml" Filter="1" />
    <FileEntry Name="Breakpoints.xml" Filter="1" />
    <FileEntry Name="CAD_Treatment_Process_V2.sdf" Filter="1" />
    <FileEntry Name="CAD_Treatment_Process_V3.prm.bak" Filter="1" />
    <FileEntry Name="CAD_Treatment_Process_V4.prm.bak" Filter="1" />
    <FileEntry Name="CompilerLogMetadata.xml" Filter="1" />
    <FileEntry Name="custom_body_variables.txt" Filter="1" />
    <FileEntry Name="data.zip" Filter="1" />
    <FileEntry Name="logfile.log" Filter="1" />
    <FileEntry Name="lrw_custom_body.h" Filter="1" />
    <FileEntry Name="mdrv1av.677.log" Filter="1" />
    <FileEntry Name="mdrv1yS.809.log" Filter="1" />
    <FileEntry Name="mdrv2RQ.679.log" Filter="1" />
    <FileEntry Name="mdrv2uU.255.log" Filter="1" />
    <FileEntry Name="mdrv42v.183.log" Filter="1" />
    <FileEntry Name="mdrv44W.707.log" Filter="1" />
    <FileEntry Name="mdrv4Hf.283.log" Filter="1" />
    <FileEntry Name="mdrv5dd.277.log" Filter="1" />
    <FileEntry Name="mdrv5NX.229.log" Filter="1" />
    <FileEntry Name="mdrv5zE.655.log" Filter="1" />
    <FileEntry Name="mdrv6gw.505.log" Filter="1" />
    <FileEntry Name="mdrv6h6.77.log" Filter="1" />
    <FileEntry Name="mdrv6zc.509.log" Filter="1" />
    <FileEntry Name="mdrv7De.261.log" Filter="1" />
    <FileEntry Name="mdrv8Ep.159.log" Filter="1" />
    <FileEntry Name="mdrv8HJ.69.log" Filter="1" />
    <FileEntry Name="mdrv8HM.209.log" Filter="1" />
    <FileEntry Name="mdrv8lO.823.log" Filter="1" />
    <FileEntry Name="mdrv8p6.829.log" Filter="1" />
    <FileEntry Name="mdrv9Qz.819.log" Filter="1" />
    <FileEntry Name="mdrvaZO.347.log" Filter="1" />
    <FileEntry Name="mdrvb4u.321.log" Filter="1" />
    <FileEntry Name="mdrvbbq.241.log" Filter="1" />
    <FileEntry Name="mdrvbce.441.log" Filter="1" />
    <FileEntry Name="mdrvbN5.335.log" Filter="1" />
    <FileEntry Name="mdrvBTI.901.log" Filter="1" />
    <FileEntry Name="mdrvBvv.659.log" Filter="1" />
    <FileEntry Name="mdrvC4F.751.log" Filter="1" />
    <FileEntry Name="mdrvcA7.527.log" Filter="1" />
    <FileEntry Name="mdrvcBj.197.log" Filter="1" />
    <FileEntry Name="mdrvD5C.641.log" Filter="1" />
    <FileEntry Name="mdrvd6u.7.log" Filter="1" />
    <FileEntry Name="mdrvDbL.983.log" Filter="1" />
    <FileEntry Name="mdrvDcQ.29.log" Filter="1" />
    <FileEntry Name="mdrvdGH.375.log" Filter="1" />
    <FileEntry Name="mdrvDh2.553.log" Filter="1" />
    <FileEntry Name="mdrvdhN.569.log" Filter="1" />
    <FileEntry Name="mdrvdjV.899.log" Filter="1" />
    <FileEntry Name="mdrveIl.133.log" Filter="1" />
    <FileEntry Name="mdrvess.85.log" Filter="1" />
    <FileEntry Name="mdrvfEm.551.log" Filter="1" />
    <FileEntry Name="mdrvFIZ.825.log" Filter="1" />
    <FileEntry Name="mdrvfTc.149.log" Filter="1" />
    <FileEntry Name="mdrvgCQ.671.log" Filter="1" />
    <FileEntry Name="mdrvGgt.89.log" Filter="1" />
    <FileEntry Name="mdrvGlK.631.log" Filter="1" />
    <FileEntry Name="mdrvh8a.403.log" Filter="1" />
    <FileEntry Name="mdrvHzN.713.log" Filter="1" />
    <FileEntry Name="mdrvib1.957.log" Filter="1" />
    <FileEntry Name="mdrvihL.341.log" Filter="1" />
    <FileEntry Name="mdrvJ2K.747.log" Filter="1" />
    <FileEntry Name="mdrvJ6u.557.log" Filter="1" />
    <FileEntry Name="mdrvjd9.143.log" Filter="1" />
    <FileEntry Name="mdrvjgx.855.log" Filter="1" />
    <FileEntry Name="mdrvjtd.587.log" Filter="1" />
    <FileEntry Name="mdrvK0F.315.log" Filter="1" />
    <FileEntry Name="mdrvkEg.565.log" Filter="1" />
    <FileEntry Name="mdrvkmG.327.log" Filter="1" />
    <FileEntry Name="mdrvLaJ.785.log" Filter="1" />
    <FileEntry Name="mdrvlF8.829.log" Filter="1" />
    <FileEntry Name="mdrvlIF.653.log" Filter="1" />
    <FileEntry Name="mdrvLnY.609.log" Filter="1" />
    <FileEntry Name="mdrvloO.511.log" Filter="1" />
    <FileEntry Name="mdrvMDQ.199.log" Filter="1" />
    <FileEntry Name="mdrvmN3.551.log" Filter="1" />
    <FileEntry Name="mdrvNIq.343.log" Filter="1" />
    <FileEntry Name="mdrvNk3.581.log" Filter="1" />
    <FileEntry Name="mdrvNnB.911.log" Filter="1" />
    <FileEntry Name="mdrvNoO.861.log" Filter="1" />
    <FileEntry Name="mdrvNqU.53.log" Filter="1" />
    <FileEntry Name="mdrvnSb.875.log" Filter="1" />
    <FileEntry Name="mdrvnTf.831.log" Filter="1" />
    <FileEntry Name="mdrvnWn.163.log" Filter="1" />
    <FileEntry Name="mdrvo2x.109.log" Filter="1" />
    <FileEntry Name="mdrvOLm.907.log" Filter="1" />
    <FileEntry Name="mdrvOsf.949.log" Filter="1" />
    <FileEntry Name="mdrvoYv.493.log" Filter="1" />
    <FileEntry Name="mdrvP3l.533.log" Filter="1" />
    <FileEntry Name="mdrvp67.769.log" Filter="1" />
    <FileEntry Name="mdrvpXR.913.log" Filter="1" />
    <FileEntry Name="mdrvPye.231.log" Filter="1" />
    <FileEntry Name="mdrvQ3l.751.log" Filter="1" />
    <FileEntry Name="mdrvQfw.697.log" Filter="1" />
    <FileEntry Name="mdrvQPI.889.log" Filter="1" />
    <FileEntry Name="mdrvrEs.471.log" Filter="1" />
    <FileEntry Name="mdrvrf0.423.log" Filter="1" />
    <FileEntry Name="mdrvrh8.753.log" Filter="1" />
    <FileEntry Name="mdrvS90.115.log" Filter="1" />
    <FileEntry Name="mdrvTAl.63.log" Filter="1" />
    <FileEntry Name="mdrvTdH.395.log" Filter="1" />
    <FileEntry Name="mdrvtx0.217.log" Filter="1" />
    <FileEntry Name="mdrvuMk.691.log" Filter="1" />
    <FileEntry Name="mdrvUyP.81.log" Filter="1" />
    <FileEntry Name="mdrvvtY.325.log" Filter="1" />
    <FileEntry Name="mdrvwVE.147.log" Filter="1" />
    <FileEntry Name="mdrvy8i.421.log" Filter="1" />
    <FileEntry Name="mdrvzgS.983.log" Filter="1" />
    <FileEntry Name="mdrv_cmd.txt" Filter="1" />
    <FileEntry Name="nfuse_(null).ica" Filter="1" />
    <FileEntry Name="nfuse_(null).ica.vuser.modified" Filter="1" />
    <FileEntry Name="nfuse_1.ica" Filter="1" />
    <FileEntry Name="nfuse_1.ica.vuser1.modified" Filter="1" />
    <FileEntry Name="nfuse_10.ica" Filter="1" />
    <FileEntry Name="nfuse_10.ica.vuser10.modified" Filter="1" />
    <FileEntry Name="nfuse_11.ica" Filter="1" />
    <FileEntry Name="nfuse_11.ica.vuser11.modified" Filter="1" />
    <FileEntry Name="nfuse_12.ica" Filter="1" />
    <FileEntry Name="nfuse_12.ica.vuser12.modified" Filter="1" />
    <FileEntry Name="nfuse_13.ica" Filter="1" />
    <FileEntry Name="nfuse_13.ica.vuser13.modified" Filter="1" />
    <FileEntry Name="nfuse_14.ica" Filter="1" />
    <FileEntry Name="nfuse_14.ica.vuser14.modified" Filter="1" />
    <FileEntry Name="nfuse_15.ica" Filter="1" />
    <FileEntry Name="nfuse_15.ica.vuser15.modified" Filter="1" />
    <FileEntry Name="nfuse_16.ica" Filter="1" />
    <FileEntry Name="nfuse_16.ica.vuser16.modified" Filter="1" />
    <FileEntry Name="nfuse_17.ica" Filter="1" />
    <FileEntry Name="nfuse_17.ica.vuser17.modified" Filter="1" />
    <FileEntry Name="nfuse_18.ica" Filter="1" />
    <FileEntry Name="nfuse_18.ica.vuser18.modified" Filter="1" />
    <FileEntry Name="nfuse_19.ica" Filter="1" />
    <FileEntry Name="nfuse_19.ica.vuser19.modified" Filter="1" />
    <FileEntry Name="nfuse_2.ica" Filter="1" />
    <FileEntry Name="nfuse_2.ica.vuser2.modified" Filter="1" />
    <FileEntry Name="nfuse_20.ica" Filter="1" />
    <FileEntry Name="nfuse_20.ica.vuser20.modified" Filter="1" />
    <FileEntry Name="nfuse_21.ica" Filter="1" />
    <FileEntry Name="nfuse_21.ica.vuser21.modified" Filter="1" />
    <FileEntry Name="nfuse_22.ica" Filter="1" />
    <FileEntry Name="nfuse_22.ica.vuser22.modified" Filter="1" />
    <FileEntry Name="nfuse_23.ica" Filter="1" />
    <FileEntry Name="nfuse_23.ica.vuser23.modified" Filter="1" />
    <FileEntry Name="nfuse_24.ica" Filter="1" />
    <FileEntry Name="nfuse_24.ica.vuser24.modified" Filter="1" />
    <FileEntry Name="nfuse_25.ica" Filter="1" />
    <FileEntry Name="nfuse_25.ica.vuser25.modified" Filter="1" />
    <FileEntry Name="nfuse_3.ica" Filter="1" />
    <FileEntry Name="nfuse_3.ica.vuser3.modified" Filter="1" />
    <FileEntry Name="nfuse_4.ica" Filter="1" />
    <FileEntry Name="nfuse_4.ica.vuser4.modified" Filter="1" />
    <FileEntry Name="nfuse_5.ica" Filter="1" />
    <FileEntry Name="nfuse_5.ica.vuser5.modified" Filter="1" />
    <FileEntry Name="nfuse_6.ica" Filter="1" />
    <FileEntry Name="nfuse_6.ica.vuser6.modified" Filter="1" />
    <FileEntry Name="nfuse_7.ica" Filter="1" />
    <FileEntry Name="nfuse_7.ica.vuser7.modified" Filter="1" />
    <FileEntry Name="nfuse_8.ica" Filter="1" />
    <FileEntry Name="nfuse_8.ica.vuser8.modified" Filter="1" />
    <FileEntry Name="nfuse_9.ica" Filter="1" />
    <FileEntry Name="nfuse_9.ica.vuser9.modified" Filter="1" />
    <FileEntry Name="options.txt" Filter="1" />
    <FileEntry Name="output.bak" Filter="1" />
    <FileEntry Name="output.txt" Filter="1" />
    <FileEntry Name="Password.dat" Filter="1" />
    <FileEntry Name="RandNum.dat" Filter="1" />
    <FileEntry Name="ReplaySummaryReport.xml" Filter="1" />
    <FileEntry Name="ScriptUploadMetadata.xml" Filter="1" />
    <FileEntry Name="ThumbnailsCache.tmp" Filter="1" />
    <FileEntry Name="UserTasks.xml" Filter="1" />
    <FileEntry Name="data\" Filter="1" />
    <FileEntry Name="result1\" Filter="1" />
  </GeneralFiles>
</VugenScriptMetadata>