[
    {
        "transactionName": "CAD_00_Portal_URL",
        "rawStartTime": 1568027063426,
        "rawEndTime": 1568027068442
    },
    {
        "transactionName": "CAD_BP1_01_CLick_ICA",
        "rawStartTime": 1568027113474,
        "rawEndTime": 1568027123444
    },
    {
        "transactionName": "CAD_BP1_03_Open_CAD_App",
        "rawStartTime": 1568027168491,
        "rawEndTime": 1568027168896
    },
    {
        "transactionName": "CAD_BP1_04_Click_Patient",
        "rawStartTime": 1568027198944,
        "rawEndTime": 1568027199381
    },
    {
        "transactionName": "CAD_BP1_05_Create_Patient",
        "rawStartTime": 1568027209413,
        "rawEndTime": 1568027209647
    },
    {
        "transactionName": "CAD_BP1_06_Patient_Details",
        "rawStartTime": 1568027209663,
        "rawEndTime": 1568027224553
    },
    {
        "transactionName": "CAD_BP3_16_Close_CAD_App",
        "rawStartTime": 1568027244601,
        "rawEndTime": 1568027245084
    },
    {
        "transactionName": "CAD_BP3_17_Close_Citrix_Server",
        "rawStartTime": 1568027245100,
        "rawEndTime": 1568027249646
    },
    {
        "transactionName": "CAD_02_Logout",
        "rawStartTime": 1568027259684,
        "rawEndTime": 1568027259918
    }
]