<?xml version="1.0" encoding="utf-8"?>
<VugenScriptMetadata>
  <ScriptName>CAD_Treatment_Plan_P2_v4</ScriptName>
  <Protocol>Citrix ICA, Web - HTTP/HTML</Protocol>
  <ActionFiles>
    <FileEntry Name="vuser_init.c" Filter="2" />
    <FileEntry Name="Action.c" Filter="2" />
    <FileEntry Name="vuser_end.c" Filter="2" />
  </ActionFiles>
  <GeneralFiles>
    <FileEntry Name="CAD_Treatment_Plan_P2_v4.usr" Filter="4" />
    <FileEntry Name="default.cfg" Filter="4" />
    <FileEntry Name="default.usp" Filter="4" />
    <FileEntry Name="CAD_Treatment_Plan_P2_v4.prm" Filter="2" />
    <FileEntry Name="globals.h" Filter="2" />
    <FileEntry Name="CITRIX_DESKTOP.dat" Filter="2" />
    <FileEntry Name="UserName.dat" Filter="2" />
    <FileEntry Name="CitrixExt1.xsl" Filter="2" />
    <FileEntry Name="combined_CAD_Treatment_Plan_P2_v4.c" Filter="2" />
    <FileEntry Name="pre_cci.c" Filter="2" />
    <FileEntry Name="261214518441.idx" Filter="1" />
    <FileEntry Name="26121451844_3zI.153.idx" Filter="1" />
    <FileEntry Name="26121451844_6dY.65.idx" Filter="1" />
    <FileEntry Name="26121451844_7jx.835.idx" Filter="1" />
    <FileEntry Name="26121451844_bcf.867.idx" Filter="1" />
    <FileEntry Name="26121451844_BYS.805.idx" Filter="1" />
    <FileEntry Name="26121451844_dgg.47.idx" Filter="1" />
    <FileEntry Name="26121451844_DS2.505.idx" Filter="1" />
    <FileEntry Name="26121451844_Ebk.499.idx" Filter="1" />
    <FileEntry Name="26121451844_fBT.97.idx" Filter="1" />
    <FileEntry Name="26121451844_fUE.295.idx" Filter="1" />
    <FileEntry Name="26121451844_h9c.585.idx" Filter="1" />
    <FileEntry Name="26121451844_hQw.195.idx" Filter="1" />
    <FileEntry Name="26121451844_i4W.153.idx" Filter="1" />
    <FileEntry Name="26121451844_Ifr.41.idx" Filter="1" />
    <FileEntry Name="26121451844_iZF.889.idx" Filter="1" />
    <FileEntry Name="26121451844_kCM.703.idx" Filter="1" />
    <FileEntry Name="26121451844_lDb.419.idx" Filter="1" />
    <FileEntry Name="26121451844_lJx.177.idx" Filter="1" />
    <FileEntry Name="26121451844_ogh.857.idx" Filter="1" />
    <FileEntry Name="26121451844_Pib.57.idx" Filter="1" />
    <FileEntry Name="26121451844_rA8.375.idx" Filter="1" />
    <FileEntry Name="26121451844_RRt.615.idx" Filter="1" />
    <FileEntry Name="26121451844_tI3.613.idx" Filter="1" />
    <FileEntry Name="26121451844_TJl.775.idx" Filter="1" />
    <FileEntry Name="26121451844_Uk8.295.idx" Filter="1" />
    <FileEntry Name="26121451844_vhu.853.idx" Filter="1" />
    <FileEntry Name="26121451844_vpg.815.idx" Filter="1" />
    <FileEntry Name="26121451844_vt2.165.idx" Filter="1" />
    <FileEntry Name="26121451844_w2v.433.idx" Filter="1" />
    <FileEntry Name="28029854441.idx" Filter="1" />
    <FileEntry Name="Bookmarks.xml" Filter="1" />
    <FileEntry Name="Breakpoints.xml" Filter="1" />
    <FileEntry Name="CAD_Treatment_Plan_P2.prm" Filter="1" />
    <FileEntry Name="CAD_Treatment_Plan_P2.prm.bak" Filter="1" />
    <FileEntry Name="CAD_Treatment_Plan_P2_v2.prm.bak" Filter="1" />
    <FileEntry Name="CAD_Treatment_Plan_P2_v4.c.pickle" Filter="1" />
    <FileEntry Name="CAD_Treatment_Plan_P2_v4.ci" Filter="1" />
    <FileEntry Name="CAD_Treatment_Plan_P2_v4.prm.bak" Filter="1" />
    <FileEntry Name="CAD_Treatment_Plan_P2_v4.sdf" Filter="1" />
    <FileEntry Name="CitrixICA_Multi18.prm.bak" Filter="1" />
    <FileEntry Name="CompilerLogMetadata.xml" Filter="1" />
    <FileEntry Name="custom_body_variables.txt" Filter="1" />
    <FileEntry Name="ICA_FILE.dat" Filter="1" />
    <FileEntry Name="logfile.log" Filter="1" />
    <FileEntry Name="lrw_custom_body.h" Filter="1" />
    <FileEntry Name="mdrv.log" Filter="1" />
    <FileEntry Name="mdrv0DK.457.log" Filter="1" />
    <FileEntry Name="mdrv38w.909.log" Filter="1" />
    <FileEntry Name="mdrv3YG.427.log" Filter="1" />
    <FileEntry Name="mdrva4A.541.log" Filter="1" />
    <FileEntry Name="mdrvelZ.943.log" Filter="1" />
    <FileEntry Name="mdrvfMW.221.log" Filter="1" />
    <FileEntry Name="mdrvfTc.149.log" Filter="1" />
    <FileEntry Name="mdrviB2.767.log" Filter="1" />
    <FileEntry Name="mdrvkB0.801.log" Filter="1" />
    <FileEntry Name="mdrvlFD.177.log" Filter="1" />
    <FileEntry Name="mdrvnUC.545.log" Filter="1" />
    <FileEntry Name="mdrvsSu.845.log" Filter="1" />
    <FileEntry Name="mdrvXy6.605.log" Filter="1" />
    <FileEntry Name="mdrvyCg.955.log" Filter="1" />
    <FileEntry Name="mdrv_cmd.txt" Filter="1" />
    <FileEntry Name="nfuse_(null).ica" Filter="1" />
    <FileEntry Name="nfuse_(null).ica.vuser.modified" Filter="1" />
    <FileEntry Name="nfuse_1.ica" Filter="1" />
    <FileEntry Name="nfuse_1.ica.vuser1.modified" Filter="1" />
    <FileEntry Name="nfuse_14.ica" Filter="1" />
    <FileEntry Name="nfuse_14.ica.vuser14.modified" Filter="1" />
    <FileEntry Name="nfuse_15.ica" Filter="1" />
    <FileEntry Name="nfuse_15.ica.vuser15.modified" Filter="1" />
    <FileEntry Name="nfuse_16.ica" Filter="1" />
    <FileEntry Name="nfuse_16.ica.vuser16.modified" Filter="1" />
    <FileEntry Name="nfuse_17.ica" Filter="1" />
    <FileEntry Name="nfuse_17.ica.vuser17.modified" Filter="1" />
    <FileEntry Name="nfuse_18.ica" Filter="1" />
    <FileEntry Name="nfuse_18.ica.vuser18.modified" Filter="1" />
    <FileEntry Name="nfuse_2.ica" Filter="1" />
    <FileEntry Name="nfuse_2.ica.vuser2.modified" Filter="1" />
    <FileEntry Name="nfuse_20.ica" Filter="1" />
    <FileEntry Name="nfuse_20.ica.vuser20.modified" Filter="1" />
    <FileEntry Name="nfuse_21.ica" Filter="1" />
    <FileEntry Name="nfuse_21.ica.vuser21.modified" Filter="1" />
    <FileEntry Name="nfuse_3.ica" Filter="1" />
    <FileEntry Name="nfuse_3.ica.vuser3.modified" Filter="1" />
    <FileEntry Name="nfuse_4.ica" Filter="1" />
    <FileEntry Name="nfuse_4.ica.vuser4.modified" Filter="1" />
    <FileEntry Name="nfuse_5.ica" Filter="1" />
    <FileEntry Name="nfuse_6.ica" Filter="1" />
    <FileEntry Name="nfuse_6.ica.vuser6.modified" Filter="1" />
    <FileEntry Name="nfuse_7.ica" Filter="1" />
    <FileEntry Name="nfuse_7.ica.vuser7.modified" Filter="1" />
    <FileEntry Name="options.txt" Filter="1" />
    <FileEntry Name="output.bak" Filter="1" />
    <FileEntry Name="OutputColoringDatabase.json" Filter="1" />
    <FileEntry Name="Password.dat" Filter="1" />
    <FileEntry Name="ReplaySummaryReport.xml" Filter="1" />
    <FileEntry Name="ScriptUploadMetadata.xml" Filter="1" />
    <FileEntry Name="ThumbnailsCache.tmp" Filter="1" />
    <FileEntry Name="TransactionsData.db" Filter="1" />
    <FileEntry Name="UserTasks.xml" Filter="1" />
    <FileEntry Name="data\" Filter="1" />
    <FileEntry Name="result1\" Filter="1" />
  </GeneralFiles>
</VugenScriptMetadata>