[
    {
        "stepId": "STEP1",
        "stepName": "Url: SmileDirectClubWeb",
        "infFile": "t1.inf",
        "time": 1568026583588
    },
    {
        "stepId": "STEP2",
        "stepName": "Custom Request: Configuration",
        "infFile": "t3.inf",
        "time": 1568026583689
    },
    {
        "stepId": "STEP3",
        "stepName": "Custom Request: GetDetectionTicket",
        "infFile": "t4.inf",
        "time": 1568026583768
    },
    {
        "stepId": "STEP4",
        "stepName": "Custom Request: GetDetectionStatus",
        "infFile": "t5.inf",
        "time": 1568026583839
    },
    {
        "stepId": "STEP5",
        "stepName": "Custom Request: GetAuthMethods",
        "infFile": "t6.inf",
        "time": 1568026583943
    },
    {
        "stepId": "STEP6",
        "stepName": "Custom Request: reportDetectionStatus",
        "infFile": "t8.inf",
        "time": 1568026584132
    },
    {
        "stepId": "STEP7",
        "stepName": "Submit Data: LoginAttempt",
        "infFile": "t9.inf",
        "time": 1568026584315
    },
    {
        "stepId": "STEP8",
        "stepName": "Submit Data: List",
        "infFile": "t10.inf",
        "time": 1568026584495
    },
    {
        "stepId": "STEP9",
        "stepName": "Custom Request: AllowSelfServiceAccountManagement",
        "infFile": "t12.inf",
        "time": 1568026584624
    },
    {
        "stepId": "STEP10",
        "stepName": "Submit Data: {ICA_FILE}",
        "infFile": "t13.inf",
        "time": 1568026614942
    }
]