[
    {
        "transactionName": "CAD_00_Portal_URL",
        "rawStartTime": 1568026581861,
        "rawEndTime": 1568026584627
    },
    {
        "transactionName": "CAD SLA KPI Transaction",
        "rawStartTime": 1568026581853,
        "rawEndTime": 1568026584668
    },
    {
        "transactionName": "CAD_BP2_01_CLick_ICA",
        "rawStartTime": 1568026614737,
        "rawEndTime": 1568026617471
    },
    {
        "transactionName": "CAD SLA KPI Transaction",
        "rawStartTime": 1568026614729,
        "rawEndTime": 1568026617516
    },
    {
        "transactionName": "CAD_BP2_02_Open_ICA",
        "rawStartTime": 1568026647612,
        "rawEndTime": 1568026647643
    },
    {
        "transactionName": "CAD SLA KPI Transaction",
        "rawStartTime": 1568026647605,
        "rawEndTime": 1568026647683
    },
    {
        "transactionName": "CAD_BP2_03_Open_CAD_App",
        "rawStartTime": 1568026677768,
        "rawEndTime": 1568026678112
    },
    {
        "transactionName": "CAD SLA KPI Transaction",
        "rawStartTime": 1568026677761,
        "rawEndTime": 1568026678152
    },
    {
        "transactionName": "CAD_BP2_04_Click_Patient",
        "rawStartTime": 1568026708252,
        "rawEndTime": 1568026708595
    },
    {
        "transactionName": "CAD SLA KPI Transaction",
        "rawStartTime": 1568026708244,
        "rawEndTime": 1568026708635
    },
    {
        "transactionName": "CAD_BP2_05_Search_LastName",
        "rawStartTime": 1568026738720,
        "rawEndTime": 1568026741455
    },
    {
        "transactionName": "CAD SLA KPI Transaction",
        "rawStartTime": 1568026738713,
        "rawEndTime": 1568026741495
    },
    {
        "transactionName": "CAD_BP2_06_Home",
        "rawStartTime": 1568026771564,
        "rawEndTime": 1568026771767
    },
    {
        "transactionName": "CAD SLA KPI Transaction",
        "rawStartTime": 1568026771557,
        "rawEndTime": 1568026771809
    },
    {
        "transactionName": "CAD_BP2_07_Click_Patient",
        "rawStartTime": 1568026801883,
        "rawEndTime": 1568026802070
    },
    {
        "transactionName": "CAD SLA KPI Transaction",
        "rawStartTime": 1568026801875,
        "rawEndTime": 1568026802112
    },
    {
        "transactionName": "CAD_BP2_08_Search_FirstName",
        "rawStartTime": 1568026832196,
        "rawEndTime": 1568026835289
    },
    {
        "transactionName": "CAD SLA KPI Transaction",
        "rawStartTime": 1568026832189,
        "rawEndTime": 1568026835329
    },
    {
        "transactionName": "CAD_BP2_09_Home",
        "rawStartTime": 1568026865414,
        "rawEndTime": 1568026865633
    },
    {
        "transactionName": "CAD SLA KPI Transaction",
        "rawStartTime": 1568026865407,
        "rawEndTime": 1568026865673
    },
    {
        "transactionName": "CAD_BP2_10_Click_Patient",
        "rawStartTime": 1568026895758,
        "rawEndTime": 1568026895961
    },
    {
        "transactionName": "CAD SLA KPI Transaction",
        "rawStartTime": 1568026895751,
        "rawEndTime": 1568026896002
    },
    {
        "transactionName": "CAD_BP2_11_Search_PatientID",
        "rawStartTime": 1568026926086,
        "rawEndTime": 1568026928867
    },
    {
        "transactionName": "CAD SLA KPI Transaction",
        "rawStartTime": 1568026926079,
        "rawEndTime": 1568026928908
    }
]