<?xml version="1.0" encoding="utf-8"?>
<VugenScriptMetadata>
  <ScriptName>CitrixICA_SearchPatient</ScriptName>
  <Protocol>Citrix ICA, Web - HTTP/HTML</Protocol>
  <ActionFiles>
    <FileEntry Name="vuser_init.c" Filter="2" />
    <FileEntry Name="Login.c" Filter="2" />
    <FileEntry Name="Action.c" Filter="2" />
    <FileEntry Name="vuser_end.c" Filter="2" />
  </ActionFiles>
  <GeneralFiles>
    <FileEntry Name="CitrixICA_SearchPatient.usr" Filter="4" />
    <FileEntry Name="default.cfg" Filter="4" />
    <FileEntry Name="default.usp" Filter="4" />
    <FileEntry Name="CitrixICA_SearchPatient.prm" Filter="2" />
    <FileEntry Name="globals.h" Filter="2" />
    <FileEntry Name="Citrix_Desktop111.dat" Filter="2" />
    <FileEntry Name="UserName.dat" Filter="2" />
    <FileEntry Name="CitrixExt1.xsl" Filter="2" />
    <FileEntry Name="combined_CitrixICA_SearchPatient.c" Filter="2" />
    <FileEntry Name="pre_cci.c" Filter="2" />
    <FileEntry Name="169933601441.idx" Filter="1" />
    <FileEntry Name="230006704441.idx" Filter="1" />
    <FileEntry Name="236500673440.idx" Filter="1" />
    <FileEntry Name="236500673441.idx" Filter="1" />
    <FileEntry Name="23650067344_06o.161.idx" Filter="1" />
    <FileEntry Name="23650067344_1KX.787.idx" Filter="1" />
    <FileEntry Name="23650067344_2KR.287.idx" Filter="1" />
    <FileEntry Name="23650067344_42b.327.idx" Filter="1" />
    <FileEntry Name="23650067344_4bm.597.idx" Filter="1" />
    <FileEntry Name="23650067344_4Ur.439.idx" Filter="1" />
    <FileEntry Name="23650067344_5su.609.idx" Filter="1" />
    <FileEntry Name="23650067344_6dQ.507.idx" Filter="1" />
    <FileEntry Name="23650067344_9MH.959.idx" Filter="1" />
    <FileEntry Name="23650067344_9oV.247.idx" Filter="1" />
    <FileEntry Name="23650067344_asS.551.idx" Filter="1" />
    <FileEntry Name="23650067344_B2X.135.idx" Filter="1" />
    <FileEntry Name="23650067344_b9M.103.idx" Filter="1" />
    <FileEntry Name="23650067344_BNJ.981.idx" Filter="1" />
    <FileEntry Name="23650067344_bQi.579.idx" Filter="1" />
    <FileEntry Name="23650067344_bT1.937.idx" Filter="1" />
    <FileEntry Name="23650067344_BW6.615.idx" Filter="1" />
    <FileEntry Name="23650067344_caM.481.idx" Filter="1" />
    <FileEntry Name="23650067344_cb3.951.idx" Filter="1" />
    <FileEntry Name="23650067344_Cfw.577.idx" Filter="1" />
    <FileEntry Name="23650067344_cTA.377.idx" Filter="1" />
    <FileEntry Name="23650067344_CTH.935.idx" Filter="1" />
    <FileEntry Name="23650067344_CYC.745.idx" Filter="1" />
    <FileEntry Name="23650067344_dAV.295.idx" Filter="1" />
    <FileEntry Name="23650067344_DTZ.211.idx" Filter="1" />
    <FileEntry Name="23650067344_DvN.693.idx" Filter="1" />
    <FileEntry Name="23650067344_dxj.523.idx" Filter="1" />
    <FileEntry Name="23650067344_Ebk.499.idx" Filter="1" />
    <FileEntry Name="23650067344_fBg.361.idx" Filter="1" />
    <FileEntry Name="23650067344_FD9.535.idx" Filter="1" />
    <FileEntry Name="23650067344_fTA.919.idx" Filter="1" />
    <FileEntry Name="23650067344_gMq.687.idx" Filter="1" />
    <FileEntry Name="23650067344_gRu.405.idx" Filter="1" />
    <FileEntry Name="23650067344_gTp.877.idx" Filter="1" />
    <FileEntry Name="23650067344_HMU.431.idx" Filter="1" />
    <FileEntry Name="23650067344_hYD.347.idx" Filter="1" />
    <FileEntry Name="23650067344_IwH.377.idx" Filter="1" />
    <FileEntry Name="23650067344_JYg.267.idx" Filter="1" />
    <FileEntry Name="23650067344_Kfg.405.idx" Filter="1" />
    <FileEntry Name="23650067344_Kux.641.idx" Filter="1" />
    <FileEntry Name="23650067344_L5y.815.idx" Filter="1" />
    <FileEntry Name="23650067344_L7F.211.idx" Filter="1" />
    <FileEntry Name="23650067344_LcG.253.idx" Filter="1" />
    <FileEntry Name="23650067344_Ldp.13.idx" Filter="1" />
    <FileEntry Name="23650067344_mAL.641.idx" Filter="1" />
    <FileEntry Name="23650067344_Mje.851.idx" Filter="1" />
    <FileEntry Name="23650067344_nNT.209.idx" Filter="1" />
    <FileEntry Name="23650067344_nP5.877.idx" Filter="1" />
    <FileEntry Name="23650067344_PsJ.613.idx" Filter="1" />
    <FileEntry Name="23650067344_pYc.723.idx" Filter="1" />
    <FileEntry Name="23650067344_Pyd.85.idx" Filter="1" />
    <FileEntry Name="23650067344_rBG.465.idx" Filter="1" />
    <FileEntry Name="23650067344_rdc.609.idx" Filter="1" />
    <FileEntry Name="23650067344_rhb.41.idx" Filter="1" />
    <FileEntry Name="23650067344_su5.605.idx" Filter="1" />
    <FileEntry Name="23650067344_tH6.99.idx" Filter="1" />
    <FileEntry Name="23650067344_UhM.957.idx" Filter="1" />
    <FileEntry Name="23650067344_VJj.617.idx" Filter="1" />
    <FileEntry Name="23650067344_VOJ.485.idx" Filter="1" />
    <FileEntry Name="23650067344_vQq.869.idx" Filter="1" />
    <FileEntry Name="23650067344_vTZ.63.idx" Filter="1" />
    <FileEntry Name="23650067344_VxJ.891.idx" Filter="1" />
    <FileEntry Name="23650067344_VzH.575.idx" Filter="1" />
    <FileEntry Name="23650067344_WMn.751.idx" Filter="1" />
    <FileEntry Name="23650067344_WRg.845.idx" Filter="1" />
    <FileEntry Name="23650067344_xHB.173.idx" Filter="1" />
    <FileEntry Name="23650067344_xUt.761.idx" Filter="1" />
    <FileEntry Name="23650067344_XWU.329.idx" Filter="1" />
    <FileEntry Name="23650067344_YKM.341.idx" Filter="1" />
    <FileEntry Name="23650067344_yNB.269.idx" Filter="1" />
    <FileEntry Name="23650067344_Z8S.921.idx" Filter="1" />
    <FileEntry Name="23650067344_ZxZ.159.idx" Filter="1" />
    <FileEntry Name="74383680440.idx" Filter="1" />
    <FileEntry Name="74383680441.idx" Filter="1" />
    <FileEntry Name="7438368044_0Yg.552.idx" Filter="1" />
    <FileEntry Name="7438368044_12E.406.idx" Filter="1" />
    <FileEntry Name="7438368044_173.746.idx" Filter="1" />
    <FileEntry Name="7438368044_1Oq.486.idx" Filter="1" />
    <FileEntry Name="7438368044_33p.938.idx" Filter="1" />
    <FileEntry Name="7438368044_3ce.920.idx" Filter="1" />
    <FileEntry Name="7438368044_3jy.500.idx" Filter="1" />
    <FileEntry Name="7438368044_4Sc.328.idx" Filter="1" />
    <FileEntry Name="7438368044_68m.315.idx" Filter="1" />
    <FileEntry Name="7438368044_7bh.576.idx" Filter="1" />
    <FileEntry Name="7438368044_9Bh.610.idx" Filter="1" />
    <FileEntry Name="7438368044_9Tz.936.idx" Filter="1" />
    <FileEntry Name="7438368044_aFe.342.idx" Filter="1" />
    <FileEntry Name="7438368044_AjU.100.idx" Filter="1" />
    <FileEntry Name="7438368044_aJv.440.idx" Filter="1" />
    <FileEntry Name="7438368044_bjo.212.idx" Filter="1" />
    <FileEntry Name="7438368044_CTR.86.idx" Filter="1" />
    <FileEntry Name="7438368044_Cxz.762.idx" Filter="1" />
    <FileEntry Name="7438368044_d2P.508.idx" Filter="1" />
    <FileEntry Name="7438368044_DJs.960.idx" Filter="1" />
    <FileEntry Name="7438368044_Dk1.827.idx" Filter="1" />
    <FileEntry Name="7438368044_dLp.162.idx" Filter="1" />
    <FileEntry Name="7438368044_DQI.174.idx" Filter="1" />
    <FileEntry Name="7438368044_dty.288.idx" Filter="1" />
    <FileEntry Name="7438368044_DVP.136.idx" Filter="1" />
    <FileEntry Name="7438368044_eKv.878.idx" Filter="1" />
    <FileEntry Name="7438368044_FAJ.160.idx" Filter="1" />
    <FileEntry Name="7438368044_Fkh.536.idx" Filter="1" />
    <FileEntry Name="7438368044_fnX.466.idx" Filter="1" />
    <FileEntry Name="7438368044_gTL.846.idx" Filter="1" />
    <FileEntry Name="7438368044_gtm.779.idx" Filter="1" />
    <FileEntry Name="7438368044_h2P.873.idx" Filter="1" />
    <FileEntry Name="7438368044_HUA.578.idx" Filter="1" />
    <FileEntry Name="7438368044_ifO.42.idx" Filter="1" />
    <FileEntry Name="7438368044_IQD.852.idx" Filter="1" />
    <FileEntry Name="7438368044_ISZ.406.idx" Filter="1" />
    <FileEntry Name="7438368044_iWE.296.idx" Filter="1" />
    <FileEntry Name="7438368044_JCS.958.idx" Filter="1" />
    <FileEntry Name="7438368044_Jew.348.idx" Filter="1" />
    <FileEntry Name="7438368044_JTB.610.idx" Filter="1" />
    <FileEntry Name="7438368044_jtt.952.idx" Filter="1" />
    <FileEntry Name="7438368044_K7J.254.idx" Filter="1" />
    <FileEntry Name="7438368044_kAP.694.idx" Filter="1" />
    <FileEntry Name="7438368044_kHM.642.idx" Filter="1" />
    <FileEntry Name="7438368044_LwA.14.idx" Filter="1" />
    <FileEntry Name="7438368044_MtU.829.idx" Filter="1" />
    <FileEntry Name="7438368044_MWM.618.idx" Filter="1" />
    <FileEntry Name="7438368044_n7w.788.idx" Filter="1" />
    <FileEntry Name="7438368044_NHs.573.idx" Filter="1" />
    <FileEntry Name="7438368044_ob0.268.idx" Filter="1" />
    <FileEntry Name="7438368044_odc.378.idx" Filter="1" />
    <FileEntry Name="7438368044_OIL.378.idx" Filter="1" />
    <FileEntry Name="7438368044_Ong.270.idx" Filter="1" />
    <FileEntry Name="7438368044_P9I.524.idx" Filter="1" />
    <FileEntry Name="7438368044_PAj.752.idx" Filter="1" />
    <FileEntry Name="7438368044_PYw.210.idx" Filter="1" />
    <FileEntry Name="7438368044_QLM.330.idx" Filter="1" />
    <FileEntry Name="7438368044_Qo8.104.idx" Filter="1" />
    <FileEntry Name="7438368044_s5K.724.idx" Filter="1" />
    <FileEntry Name="7438368044_Scg.639.idx" Filter="1" />
    <FileEntry Name="7438368044_sev.413.idx" Filter="1" />
    <FileEntry Name="7438368044_SWk.816.idx" Filter="1" />
    <FileEntry Name="7438368044_tGH.606.idx" Filter="1" />
    <FileEntry Name="7438368044_tws.64.idx" Filter="1" />
    <FileEntry Name="7438368044_uYC.580.idx" Filter="1" />
    <FileEntry Name="7438368044_V3T.614.idx" Filter="1" />
    <FileEntry Name="7438368044_vBB.870.idx" Filter="1" />
    <FileEntry Name="7438368044_Vlo.362.idx" Filter="1" />
    <FileEntry Name="7438368044_WF0.598.idx" Filter="1" />
    <FileEntry Name="7438368044_WlU.688.idx" Filter="1" />
    <FileEntry Name="7438368044_WNS.878.idx" Filter="1" />
    <FileEntry Name="7438368044_Wqg.892.idx" Filter="1" />
    <FileEntry Name="7438368044_WuJ.482.idx" Filter="1" />
    <FileEntry Name="7438368044_WXW.922.idx" Filter="1" />
    <FileEntry Name="7438368044_X6y.616.idx" Filter="1" />
    <FileEntry Name="7438368044_Xit.248.idx" Filter="1" />
    <FileEntry Name="7438368044_yoz.432.idx" Filter="1" />
    <FileEntry Name="7438368044_Yyf.212.idx" Filter="1" />
    <FileEntry Name="7438368044_YyS.982.idx" Filter="1" />
    <FileEntry Name="7438368044_ZnJ.642.idx" Filter="1" />
    <FileEntry Name="Bookmarks.xml" Filter="1" />
    <FileEntry Name="Breakpoints.xml" Filter="1" />
    <FileEntry Name="CitrixICA_SearchPatient.c.pickle" Filter="1" />
    <FileEntry Name="CitrixICA_SearchPatient.ci" Filter="1" />
    <FileEntry Name="CitrixICA_SearchPatient.prm.bak" Filter="1" />
    <FileEntry Name="CitrixICA_SearchPatient.sdf" Filter="1" />
    <FileEntry Name="CompilerLogMetadata.xml" Filter="1" />
    <FileEntry Name="custom_body_variables.txt" Filter="1" />
    <FileEntry Name="logfile.log" Filter="1" />
    <FileEntry Name="lrw_custom_body.h" Filter="1" />
    <FileEntry Name="mdrv.log" Filter="1" />
    <FileEntry Name="mdrvcw9.431.log" Filter="1" />
    <FileEntry Name="mdrvCWp.985.log" Filter="1" />
    <FileEntry Name="mdrvGfO.763.log" Filter="1" />
    <FileEntry Name="mdrvk1T.645.log" Filter="1" />
    <FileEntry Name="mdrvnMY.973.log" Filter="1" />
    <FileEntry Name="mdrv_cmd.txt" Filter="1" />
    <FileEntry Name="nfuse_(null).ica" Filter="1" />
    <FileEntry Name="nfuse_(null).ica.vuser.modified" Filter="1" />
    <FileEntry Name="nfuse_1.ica" Filter="1" />
    <FileEntry Name="nfuse_1.ica.vuser1.modified" Filter="1" />
    <FileEntry Name="nfuse_2.ica" Filter="1" />
    <FileEntry Name="nfuse_2.ica.vuser2.modified" Filter="1" />
    <FileEntry Name="nfuse_3.ica" Filter="1" />
    <FileEntry Name="nfuse_3.ica.vuser3.modified" Filter="1" />
    <FileEntry Name="nfuse_4.ica" Filter="1" />
    <FileEntry Name="nfuse_4.ica.vuser4.modified" Filter="1" />
    <FileEntry Name="nfuse_5.ica" Filter="1" />
    <FileEntry Name="nfuse_5.ica.vuser5.modified" Filter="1" />
    <FileEntry Name="options.txt" Filter="1" />
    <FileEntry Name="output.bak" Filter="1" />
    <FileEntry Name="output.txt" Filter="1" />
    <FileEntry Name="Password.dat" Filter="1" />
    <FileEntry Name="ReplaySummaryReport.xml" Filter="1" />
    <FileEntry Name="ScriptUploadMetadata.xml" Filter="1" />
    <FileEntry Name="ThumbnailsCache.tmp" Filter="1" />
    <FileEntry Name="UserTasks.xml" Filter="1" />
    <FileEntry Name="data\" Filter="1" />
    <FileEntry Name="result1\" Filter="1" />
  </GeneralFiles>
</VugenScriptMetadata>