[
    {
        "stepId": "STEP1",
        "stepName": "Url: SmileDirectClubWeb",
        "infFile": "t1.inf",
        "time": 1569845444623
    },
    {
        "stepId": "STEP2",
        "stepName": "Custom Request: Configuration",
        "infFile": "t3.inf",
        "time": 1569845445099
    },
    {
        "stepId": "STEP3",
        "stepName": "Custom Request: GetDetectionTicket",
        "infFile": "t4.inf",
        "time": 1569845445437
    },
    {
        "stepId": "STEP4",
        "stepName": "Custom Request: GetDetectionStatus",
        "infFile": "t5.inf",
        "time": 1569845445744
    },
    {
        "stepId": "STEP5",
        "stepName": "Custom Request: GetDetectionStatus_2",
        "infFile": "t6.inf",
        "time": 1569845446045
    },
    {
        "stepId": "STEP6",
        "stepName": "Submit Data: List",
        "infFile": "t7.inf",
        "time": 1569845446395
    },
    {
        "stepId": "STEP7",
        "stepName": "Custom Request: GetAuthMethods",
        "infFile": "t8.inf",
        "time": 1569845446712
    },
    {
        "stepId": "STEP8",
        "stepName": "Submit Data: LoginAttempt",
        "infFile": "t10.inf",
        "time": 1569845447710
    },
    {
        "stepId": "STEP9",
        "stepName": "Custom Request: reportDetectionStatus",
        "infFile": "t11.inf",
        "time": 1569845448033
    },
    {
        "stepId": "STEP10",
        "stepName": "Submit Data: List_2",
        "infFile": "t12.inf",
        "time": 1569845448738
    },
    {
        "stepId": "STEP11",
        "stepName": "Custom Request: AllowSelfServiceAccountManagement",
        "infFile": "t14.inf",
        "time": 1569845449363
    },
    {
        "stepId": "STEP12",
        "stepName": "Submit Data: {ICA_FILE}",
        "infFile": "t15.inf",
        "time": 1569845494841
    },
    {
        "stepId": "STEP13",
        "stepName": "Custom Request: Disconnect",
        "infFile": "t16.inf",
        "time": 1569846555519
    }
]