[
    {
        "transactionName": "CAD_00_Portal_URL",
        "rawStartTime": 1569845439073,
        "rawEndTime": 1569845449364
    },
    {
        "transactionName": "CAD SLA KPI Transaction",
        "rawStartTime": 1569845439070,
        "rawEndTime": 1569845449371
    },
    {
        "transactionName": "CAD_BP3_01_CLick_ICA",
        "rawStartTime": 1569845494377,
        "rawEndTime": 1569845497930
    },
    {
        "transactionName": "CAD_BP3_02_Open_ICA",
        "rawStartTime": 1569845527936,
        "rawEndTime": 1569845527940
    },
    {
        "transactionName": "CAD_BP3_03_Open_CAD_App",
        "rawStartTime": 1569845572946,
        "rawEndTime": 1569845573480
    },
    {
        "transactionName": "CAD_BP3_04_Click_Patient",
        "rawStartTime": 1569845603485,
        "rawEndTime": 1569845604046
    },
    {
        "transactionName": "CAD_BP3_05_Create_Patient",
        "rawStartTime": 1569845614052,
        "rawEndTime": 1569845614485
    },
    {
        "transactionName": "CAD_BP3_06_Patient_Details",
        "rawStartTime": 1569845614488,
        "rawEndTime": 1569845630438
    },
    {
        "transactionName": "CAD_BP3_07_Import_STLFiles",
        "rawStartTime": 1569845660444,
        "rawEndTime": 1569845665549
    },
    {
        "transactionName": "CAD_BP3_08_LoadSTLFiles",
        "rawStartTime": 1569845680554,
        "rawEndTime": 1569845681095
    },
    {
        "transactionName": "CAD_BP3_09_Open_Impressions",
        "rawStartTime": 1569845741100,
        "rawEndTime": 1569845741669
    },
    {
        "transactionName": "CAD_BP3_10_Step_1",
        "rawStartTime": 1569845786674,
        "rawEndTime": 1569845787671
    },
    {
        "transactionName": "CAD_BP3_11_Step_2",
        "rawStartTime": 1569845817676,
        "rawEndTime": 1569845980480
    },
    {
        "transactionName": "CAD_BP3_12_Step_3",
        "rawStartTime": 1569846040485,
        "rawEndTime": 1569846218290
    },
    {
        "transactionName": "CAD_BP3_13_Step_4",
        "rawStartTime": 1569846248295,
        "rawEndTime": 1569846248735
    },
    {
        "transactionName": "CAD_BP3_14_Export_STL",
        "rawStartTime": 1569846308743,
        "rawEndTime": 1569846322028
    },
    {
        "transactionName": "CAD_BP3_15_Home",
        "rawStartTime": 1569846502033,
        "rawEndTime": 1569846502592
    },
    {
        "transactionName": "CAD_BP3_16_Close_CAD_App",
        "rawStartTime": 1569846517597,
        "rawEndTime": 1569846518708
    },
    {
        "transactionName": "CAD_BP3_17_Close_Citrix_Server",
        "rawStartTime": 1569846518710,
        "rawEndTime": 1569846523876
    },
    {
        "transactionName": "CAD SLA KPI Transaction",
        "rawStartTime": 1569846553892,
        "rawEndTime": 1569846555528
    },
    {
        "transactionName": "CAD_02_Logout",
        "rawStartTime": 1569846553894,
        "rawEndTime": 1569846555530
    }
]