<?xml version="1.0" encoding="utf-8"?>
<VugenScriptMetadata>
  <ScriptName>CAD_Create_Patinet_v2</ScriptName>
  <Protocol>Citrix ICA, Web - HTTP/HTML</Protocol>
  <ActionFiles>
    <FileEntry Name="vuser_init.c" Filter="2" />
    <FileEntry Name="Login.c" Filter="2" />
    <FileEntry Name="Action.c" Filter="2" />
    <FileEntry Name="Logout.c" Filter="2" />
    <FileEntry Name="vuser_end.c" Filter="2" />
  </ActionFiles>
  <GeneralFiles>
    <FileEntry Name="CAD_Create_Patinet_v2.usr" Filter="4" />
    <FileEntry Name="default.cfg" Filter="4" />
    <FileEntry Name="default.usp" Filter="4" />
    <FileEntry Name="CAD_Create_Patinet_v2.prm" Filter="2" />
    <FileEntry Name="globals.h" Filter="2" />
    <FileEntry Name="CITRIX_DESKTOP.dat" Filter="2" />
    <FileEntry Name="UserName.dat" Filter="2" />
    <FileEntry Name="CitrixExt1.xsl" Filter="2" />
    <FileEntry Name="combined_CAD_Create_Patinet_v2.c" Filter="2" />
    <FileEntry Name="pre_cci.c" Filter="2" />
    <FileEntry Name="156979784441.idx" Filter="1" />
    <FileEntry Name="258964492441.idx" Filter="1" />
    <FileEntry Name="Bookmarks.xml" Filter="1" />
    <FileEntry Name="Breakpoints.xml" Filter="1" />
    <FileEntry Name="CAD_Create_Patinet_v1.prm.bak" Filter="1" />
    <FileEntry Name="CAD_Create_Patinet_v2.c.pickle" Filter="1" />
    <FileEntry Name="CAD_Create_Patinet_v2.ci" Filter="1" />
    <FileEntry Name="CAD_Create_Patinet_v2.prm.bak" Filter="1" />
    <FileEntry Name="CAD_Create_Patinet_v2.sdf" Filter="1" />
    <FileEntry Name="CAD_Treatment_Process_V3.prm.bak" Filter="1" />
    <FileEntry Name="CompilerLogMetadata.xml" Filter="1" />
    <FileEntry Name="custom_body_variables.txt" Filter="1" />
    <FileEntry Name="data.zip" Filter="1" />
    <FileEntry Name="logfile.log" Filter="1" />
    <FileEntry Name="lrw_custom_body.h" Filter="1" />
    <FileEntry Name="mdrv.log" Filter="1" />
    <FileEntry Name="mdrv42v.183.log" Filter="1" />
    <FileEntry Name="mdrv6AL.123.log" Filter="1" />
    <FileEntry Name="mdrvASN.667.log" Filter="1" />
    <FileEntry Name="mdrvbN5.335.log" Filter="1" />
    <FileEntry Name="mdrvdA7.707.log" Filter="1" />
    <FileEntry Name="mdrvrBl.557.log" Filter="1" />
    <FileEntry Name="mdrvwXT.667.log" Filter="1" />
    <FileEntry Name="mdrvx1k.227.log" Filter="1" />
    <FileEntry Name="mdrvzgB.321.log" Filter="1" />
    <FileEntry Name="mdrv_cmd.txt" Filter="1" />
    <FileEntry Name="nfuse_(null).ica" Filter="1" />
    <FileEntry Name="nfuse_(null).ica.vuser.modified" Filter="1" />
    <FileEntry Name="options.txt" Filter="1" />
    <FileEntry Name="output.bak" Filter="1" />
    <FileEntry Name="output.txt" Filter="1" />
    <FileEntry Name="Password.dat" Filter="1" />
    <FileEntry Name="RandNum.dat" Filter="1" />
    <FileEntry Name="ReplaySummaryReport.xml" Filter="1" />
    <FileEntry Name="ScriptUploadMetadata.xml" Filter="1" />
    <FileEntry Name="ThumbnailsCache.tmp" Filter="1" />
    <FileEntry Name="UserTasks.xml" Filter="1" />
    <FileEntry Name="WGVuRGVza3RvcCBDb250cm9sbGVyLlRlc3RDQTJHQiAkUzQ4LTg2 (15).ica" Filter="1" />
    <FileEntry Name="data\" Filter="1" />
    <FileEntry Name="result1\" Filter="1" />
  </GeneralFiles>
</VugenScriptMetadata>