<?xml version="1.0" encoding="utf-8"?>
<VugenScriptMetadata>
  <ScriptName>CAD_Treatment_Plan_P2_v3</ScriptName>
  <Protocol>Citrix ICA, Web - HTTP/HTML</Protocol>
  <ActionFiles>
    <FileEntry Name="vuser_init.c" Filter="2" />
    <FileEntry Name="Action.c" Filter="2" />
    <FileEntry Name="vuser_end.c" Filter="2" />
  </ActionFiles>
  <GeneralFiles>
    <FileEntry Name="CAD_Treatment_Plan_P2_v3.usr" Filter="4" />
    <FileEntry Name="default.cfg" Filter="4" />
    <FileEntry Name="default.usp" Filter="4" />
    <FileEntry Name="CAD_Treatment_Plan_P2_v3.prm" Filter="2" />
    <FileEntry Name="globals.h" Filter="2" />
    <FileEntry Name="UserName.dat" Filter="2" />
    <FileEntry Name="CitrixExt1.xsl" Filter="2" />
    <FileEntry Name="combined_CAD_Treatment_Plan_P2_v3.c" Filter="2" />
    <FileEntry Name="pre_cci.c" Filter="2" />
    <FileEntry Name="128729671441.idx" Filter="1" />
    <FileEntry Name="209423824441.idx" Filter="1" />
    <FileEntry Name="20942382444_6Ao.553.idx" Filter="1" />
    <FileEntry Name="20942382444_g10.121.idx" Filter="1" />
    <FileEntry Name="20942382444_ihL.341.idx" Filter="1" />
    <FileEntry Name="20942382444_rFP.801.idx" Filter="1" />
    <FileEntry Name="20942382444_RQ1.81.idx" Filter="1" />
    <FileEntry Name="20942382444_TAx.445.idx" Filter="1" />
    <FileEntry Name="20942382444_TcC.61.idx" Filter="1" />
    <FileEntry Name="20942382444_tHZ.31.idx" Filter="1" />
    <FileEntry Name="20942382444_Tng.653.idx" Filter="1" />
    <FileEntry Name="20942382444_XNr.247.idx" Filter="1" />
    <FileEntry Name="20942382444_zBF.413.idx" Filter="1" />
    <FileEntry Name="20942382444_zh6.83.idx" Filter="1" />
    <FileEntry Name="Bookmarks.xml" Filter="1" />
    <FileEntry Name="Breakpoints.xml" Filter="1" />
    <FileEntry Name="CAD_Treatment_Plan_P2_v3.c.pickle" Filter="1" />
    <FileEntry Name="CAD_Treatment_Plan_P2_v3.ci" Filter="1" />
    <FileEntry Name="CAD_Treatment_Plan_P2_v3.prm.bak" Filter="1" />
    <FileEntry Name="CAD_Treatment_Plan_P2_v3.sdf" Filter="1" />
    <FileEntry Name="CompilerLogMetadata.xml" Filter="1" />
    <FileEntry Name="custom_body_variables.txt" Filter="1" />
    <FileEntry Name="logfile.log" Filter="1" />
    <FileEntry Name="lrw_custom_body.h" Filter="1" />
    <FileEntry Name="mdrv.log" Filter="1" />
    <FileEntry Name="mdrvKUz.121.log" Filter="1" />
    <FileEntry Name="mdrvLaL.925.log" Filter="1" />
    <FileEntry Name="mdrvuw6.923.log" Filter="1" />
    <FileEntry Name="mdrv_cmd.txt" Filter="1" />
    <FileEntry Name="nfuse_(null).ica" Filter="1" />
    <FileEntry Name="nfuse_(null).ica.vuser.modified" Filter="1" />
    <FileEntry Name="nfuse_1.ica" Filter="1" />
    <FileEntry Name="nfuse_1.ica.vuser1.modified" Filter="1" />
    <FileEntry Name="options.txt" Filter="1" />
    <FileEntry Name="output.bak" Filter="1" />
    <FileEntry Name="output.txt" Filter="1" />
    <FileEntry Name="Password.dat" Filter="1" />
    <FileEntry Name="ReplaySummaryReport.xml" Filter="1" />
    <FileEntry Name="screen.bmp" Filter="1" />
    <FileEntry Name="ScriptUploadMetadata.xml" Filter="1" />
    <FileEntry Name="ThumbnailsCache.tmp" Filter="1" />
    <FileEntry Name="UserTasks.xml" Filter="1" />
    <FileEntry Name="data\" Filter="1" />
    <FileEntry Name="result1\" Filter="1" />
  </GeneralFiles>
</VugenScriptMetadata>