<?xml version="1.0" encoding="utf-8"?>
<VugenScriptMetadata>
  <ScriptName>CAD_Treatment_Plan_P2_v7</ScriptName>
  <Protocol>Citrix ICA, Web - HTTP/HTML</Protocol>
  <ActionFiles>
    <FileEntry Name="vuser_init.c" Filter="2" />
    <FileEntry Name="Action.c" Filter="2" />
    <FileEntry Name="vuser_end.c" Filter="2" />
  </ActionFiles>
  <GeneralFiles>
    <FileEntry Name="CAD_Treatment_Plan_P2_v7.usr" Filter="4" />
    <FileEntry Name="default.cfg" Filter="4" />
    <FileEntry Name="default.usp" Filter="4" />
    <FileEntry Name="CAD_Treatment_Plan_P2_v7.prm" Filter="2" />
    <FileEntry Name="globals.h" Filter="2" />
    <FileEntry Name="CITRIX_DESKTOP.dat" Filter="2" />
    <FileEntry Name="UserName.dat" Filter="2" />
    <FileEntry Name="CitrixExt1.xsl" Filter="2" />
    <FileEntry Name="combined_CAD_Treatment_Plan_P2_v7.c" Filter="2" />
    <FileEntry Name="pre_cci.c" Filter="2" />
    <FileEntry Name="148425808441.idx" Filter="1" />
    <FileEntry Name="216112097441.idx" Filter="1" />
    <FileEntry Name="Bookmarks.xml" Filter="1" />
    <FileEntry Name="Breakpoints.xml" Filter="1" />
    <FileEntry Name="CAD_Treatment_Plan_P2.prm" Filter="1" />
    <FileEntry Name="CAD_Treatment_Plan_P2.prm.bak" Filter="1" />
    <FileEntry Name="CAD_Treatment_Plan_P2_v2.prm.bak" Filter="1" />
    <FileEntry Name="CAD_Treatment_Plan_P2_v4.prm.bak" Filter="1" />
    <FileEntry Name="CAD_Treatment_Plan_P2_v5.prm.bak" Filter="1" />
    <FileEntry Name="CAD_Treatment_Plan_P2_v6.prm.bak" Filter="1" />
    <FileEntry Name="CAD_Treatment_Plan_P2_v7.c.pickle" Filter="1" />
    <FileEntry Name="CAD_Treatment_Plan_P2_v7.ci" Filter="1" />
    <FileEntry Name="CAD_Treatment_Plan_P2_v7.prm.bak" Filter="1" />
    <FileEntry Name="CAD_Treatment_Plan_P2_v7.sdf" Filter="1" />
    <FileEntry Name="CitrixICA_Multi18.prm.bak" Filter="1" />
    <FileEntry Name="CompilerLogMetadata.xml" Filter="1" />
    <FileEntry Name="custom_body_variables.txt" Filter="1" />
    <FileEntry Name="ICA_FILE.dat" Filter="1" />
    <FileEntry Name="logfile.log" Filter="1" />
    <FileEntry Name="lrw_custom_body.h" Filter="1" />
    <FileEntry Name="mdrv.log" Filter="1" />
    <FileEntry Name="mdrv0DK.457.log" Filter="1" />
    <FileEntry Name="mdrv3ZN.907.log" Filter="1" />
    <FileEntry Name="mdrva4A.541.log" Filter="1" />
    <FileEntry Name="mdrvATF.761.log" Filter="1" />
    <FileEntry Name="mdrvfMW.221.log" Filter="1" />
    <FileEntry Name="mdrvfTc.149.log" Filter="1" />
    <FileEntry Name="mdrvLA8.591.log" Filter="1" />
    <FileEntry Name="mdrvlFD.177.log" Filter="1" />
    <FileEntry Name="mdrvMil.13.log" Filter="1" />
    <FileEntry Name="mdrvnUC.545.log" Filter="1" />
    <FileEntry Name="mdrvsSu.845.log" Filter="1" />
    <FileEntry Name="mdrvtpZ.409.log" Filter="1" />
    <FileEntry Name="mdrvw7X.243.log" Filter="1" />
    <FileEntry Name="mdrvyCg.955.log" Filter="1" />
    <FileEntry Name="mdrv_cmd.txt" Filter="1" />
    <FileEntry Name="nfuse_(null).ica" Filter="1" />
    <FileEntry Name="nfuse_(null).ica.vuser.modified" Filter="1" />
    <FileEntry Name="nfuse_1.ica" Filter="1" />
    <FileEntry Name="nfuse_1.ica.vuser1.modified" Filter="1" />
    <FileEntry Name="nfuse_14.ica" Filter="1" />
    <FileEntry Name="nfuse_14.ica.vuser14.modified" Filter="1" />
    <FileEntry Name="nfuse_15.ica" Filter="1" />
    <FileEntry Name="nfuse_15.ica.vuser15.modified" Filter="1" />
    <FileEntry Name="nfuse_16.ica" Filter="1" />
    <FileEntry Name="nfuse_16.ica.vuser16.modified" Filter="1" />
    <FileEntry Name="nfuse_17.ica" Filter="1" />
    <FileEntry Name="nfuse_17.ica.vuser17.modified" Filter="1" />
    <FileEntry Name="nfuse_18.ica" Filter="1" />
    <FileEntry Name="nfuse_18.ica.vuser18.modified" Filter="1" />
    <FileEntry Name="nfuse_2.ica" Filter="1" />
    <FileEntry Name="nfuse_2.ica.vuser2.modified" Filter="1" />
    <FileEntry Name="nfuse_20.ica" Filter="1" />
    <FileEntry Name="nfuse_20.ica.vuser20.modified" Filter="1" />
    <FileEntry Name="nfuse_21.ica" Filter="1" />
    <FileEntry Name="nfuse_21.ica.vuser21.modified" Filter="1" />
    <FileEntry Name="nfuse_3.ica" Filter="1" />
    <FileEntry Name="nfuse_3.ica.vuser3.modified" Filter="1" />
    <FileEntry Name="nfuse_4.ica" Filter="1" />
    <FileEntry Name="nfuse_4.ica.vuser4.modified" Filter="1" />
    <FileEntry Name="nfuse_5.ica" Filter="1" />
    <FileEntry Name="nfuse_5.ica.vuser5.modified" Filter="1" />
    <FileEntry Name="nfuse_6.ica" Filter="1" />
    <FileEntry Name="nfuse_6.ica.vuser6.modified" Filter="1" />
    <FileEntry Name="nfuse_7.ica" Filter="1" />
    <FileEntry Name="nfuse_7.ica.vuser7.modified" Filter="1" />
    <FileEntry Name="options.txt" Filter="1" />
    <FileEntry Name="output.bak" Filter="1" />
    <FileEntry Name="OutputColoringDatabase.json" Filter="1" />
    <FileEntry Name="Password.dat" Filter="1" />
    <FileEntry Name="ReplaySummaryReport.xml" Filter="1" />
    <FileEntry Name="ScriptUploadMetadata.xml" Filter="1" />
    <FileEntry Name="ThumbnailsCache.tmp" Filter="1" />
    <FileEntry Name="UserTasks.xml" Filter="1" />
    <FileEntry Name="data\" Filter="1" />
    <FileEntry Name="result1\" Filter="1" />
  </GeneralFiles>
</VugenScriptMetadata>