﻿<?xml version="1.0"?>
<!DOCTYPE Report
[
<!ELEMENT Report (General ,(Doc|BPT)) >
<!ATTLIST Report ver CDATA #REQUIRED tmZone CDATA #REQUIRED>

<!ELEMENT General ( DocLocation ) >
<!ATTLIST General productName CDATA #REQUIRED productVer CDATA #REQUIRED os CDATA #REQUIRED host CDATA #REQUIRED qcserver CDATA #IMPLIED qcproject CDATA #IMPLIED SolManSolutionId CDATA #IMPLIED SolManProjectId CDATA #IMPLIED SolManTestPlanId CDATA #IMPLIED SolManTestPackageId CDATA #IMPLIED SolManUserInfoData CDATA #IMPLIED  >

<!ELEMENT BPT (DName,Res,DVer?,TSet?,TInst?,NodeArgs,AdditionalInfo*,Doc*) >
<!ATTLIST BPT rID ID #REQUIRED >

<!ELEMENT Doc (DName,ConfName?,Res,DVer?,TSet?,TInst?,RunType?,DT?,AdditionalInfo*,Step*,DIter*,Step*,Action*,Doc*,Summary?,TestMaintenanceSummary*,NodeArgs?) >
<!ATTLIST Doc rID ID #REQUIRED type (Test|BC|BPTWrapperTest|Flow|Group|Action) "Test" productName CDATA #REQUIRED BCIter CDATA #IMPLIED >

<!ELEMENT RunType ( #PCDATA )>
<!ATTLIST RunType fmStep (False|True) "False" batch (False|True) "False" upDesc (False|True) "False" upChk (False|True) "False" upAS (False|True) "False">

<!ELEMENT DName ( #PCDATA ) >

<!ELEMENT ConfName ( #PCDATA ) >

<!ELEMENT Res ( #PCDATA ) >

<!ELEMENT AdditionalInfo (AdditionalDataName,AdditionalDataValue ) >

<!ELEMENT AdditionalDataName ( #PCDATA ) >

<!ELEMENT AdditionalDataValue ( #PCDATA ) >

<!ELEMENT DVer ( #PCDATA ) >

<!ELEMENT TSet ( #PCDATA ) >

<!ELEMENT TInst ( #PCDATA ) >

<!ELEMENT DIter (Step*,Action+,Summary?,NodeArgs)>
<!ATTLIST DIter rID ID #REQUIRED iterID CDATA #REQUIRED>

<!ELEMENT DocLocation ( #PCDATA )>

<!ELEMENT Action (AName,AIter*,(Step|HtmlStep|Action)*, Summary,ActionMaintenanceSummary*, NodeArgs ) >
<!ATTLIST Action rID ID #REQUIRED>

<!ELEMENT AIter ((Step|HtmlStep|Action)*,DataMapping?, Summary?,NodeArgs) >
<!ATTLIST AIter rID ID #REQUIRED iterID CDATA #REQUIRED isCountable (False|True) "False" >

<!ELEMENT AName ( #PCDATA ) >

<!ELEMENT TestMaintenanceSummary (ActionMaintenanceSummary*) >
<!ATTLIST TestMaintenanceSummary ObjectsAdded CDATA #REQUIRED ObjectsUpdated CDATA #REQUIRED StepsUpdated CDATA #REQUIRED StepsComments CDATA #REQUIRED><!ELEMENT ActionMaintenanceSummary (ObjectChange* ) >
<!ATTLIST ActionMaintenanceSummary Action CDATA #REQUIRED Objects CDATA #REQUIRED Updated CDATA #REQUIRED LinesTotal CDATA #REQUIRED Added CDATA #REQUIRED LinesUpdated CDATA #REQUIRED>

<!ELEMENT ObjectChange  (Hierarchy, PropertyChangeList* ) >
<!ATTLIST ObjectChange Operation CDATA #IMPLIED OriginalRepository CDATA #IMPLIED>

<!ELEMENT PropertyChangeList (PropertyDef*) >

<!ELEMENT PropertyDef (OriginalValue, NewValue) >
<!ATTLIST PropertyDef PropName CDATA #REQUIRED OriginRegularExpression (True|False) "False" NewRegularExpression (True|False) "False" AddedProperty (True|False) "False" >

<!ELEMENT OriginalValue ( #PCDATA )>

<!ELEMENT NewValue ( #PCDATA )>

<!ELEMENT Hierarchy  (ObjectName, Hierarchy*) >
<!ATTLIST Hierarchy MicClass CDATA #REQUIRED>

<!ELEMENT ObjectName  ( #PCDATA ) >

<!ELEMENT Step (Obj,Details,Time,TimeTick* ,(Step|HtmlStep|Doc)*, DataMapping?, NodeArgs) >
<!ATTLIST Step rID ID #REQUIRED retval CDATA #IMPLIED>

<!ELEMENT HtmlStep (HTML,TimeTick*,(Step|HtmlStep|Doc)*,NodeArgs) >
<!ATTLIST HtmlStep rID ID #REQUIRED >

<!ELEMENT Obj ( #PCDATA ) >
<!ATTLIST Obj plainTxt (False|True) "True">

<!ELEMENT Details ( #PCDATA ) >
<!ATTLIST Details plainTxt (False|True) "True">

<!ELEMENT Time ( #PCDATA ) >

<!ELEMENT HTML ( #PCDATA ) >

<!ELEMENT Disp ( #PCDATA ) >

<!ELEMENT TimeTick ( #PCDATA ) >

<!ELEMENT DataMapping ( DataMappedItem* )>
<!ELEMENT DataMappedItem EMPTY >
<!ATTLIST DataMappedItem dsName CDATA #REQUIRED >
<!ATTLIST DataMappedItem rowId CDATA #REQUIRED >

<!ELEMENT NodeArgs (Disp,TopPane?,BtmPane?,ExtendedInfo? )>
<!ATTLIST NodeArgs eType CDATA #REQUIRED icon CDATA #REQUIRED nRep CDATA #REQUIRED UserNote CDATA #IMPLIED filter (False|True) "True">
<!ATTLIST NodeArgs status (Passed|Failed|Done|Warning|Information) "Done">
<!ATTLIST NodeArgs iconSel CDATA #IMPLIED nType CDATA #IMPLIED MovieMarker CDATA "">
<!ATTLIST NodeArgs Source CDATA #IMPLIED SourceLine CDATA #IMPLIED StepFlowItemKey CDATA #IMPLIED >

<!ELEMENT TopPane (Path)>

<!ELEMENT BtmPane ( (Path|WR)?,ASHilite?)>
<!ATTLIST BtmPane vType CDATA "HTML">

<!ELEMENT Path ( #PCDATA ) >

<!ELEMENT ASHilite ( #PCDATA ) >

<!ELEMENT WR ( #PCDATA ) >

<!ELEMENT ExtendedInfo ( StepData ) >

<!ATTLIST ExtendedInfo StepType CDATA #REQUIRED>
<!ELEMENT DT (NodeArgs) >
<!ATTLIST DT rID ID #REQUIRED>

<!ELEMENT Summary (Param*)>
<!ATTLIST Summary sTime CDATA #IMPLIED eTime CDATA #IMPLIED passed CDATA #IMPLIED failed CDATA #IMPLIED warnings CDATA #IMPLIED retval CDATA #IMPLIED stopped (False|True) "False" >

<!ELEMENT Param (ParamName,ParamVal)+ >
<!ATTLIST Param paramInOut (In|Out) "In">

<!ELEMENT ParamName ( #PCDATA ) >

<!ELEMENT ParamVal ( #PCDATA ) >

]
>
<Report ver="2.0" tmZone="Central Standard Time">
<General productName="Vugen" productVer="12" os="" host="QWSHVTEST06"><DocLocation><![CDATA[C:\Users\siva.kota\Documents\CAD_Create_Patinet_v3]]></DocLocation></General>
<Doc rID="T1"   productName= "Vugen"  >
<DName><![CDATA[CAD_Create_Patinet_v3]]></DName>
<Res><![CDATA[result1]]></Res>
<Action rID="T2">
<AName><![CDATA[vuser_init]]></AName>
<Summary sTime="8/12/2019 - 8:00:49" eTime="8/12/2019 - 8:00:49" passed="0" failed="0" warnings="0" ></Summary>
<NodeArgs eType="StartAction" icon="2" nRep="5" >
<Disp><![CDATA[vuser_init Summary]]></Disp>
</NodeArgs>
</Action>
<DIter rID="T3" iterID="1" >
<Action rID="T4">
<AName><![CDATA[Action]]></AName>
<Step rID="T5">
<Obj plainTxt="False" ><![CDATA[Service: Set Sockets Option]]></Obj>
<Details plainTxt="False" ><![CDATA[<CENTER>Set socket option <STRONG><FONT COLOR=#00AF00>SSL_VERSION</FONT></STRONG> with value <STRONG><FONT COLOR=#00AF00>2&3</FONT></STRONG></CENTER>]]></Details>
<Time><![CDATA[8/12/2019 - 8:00:49]]></Time>
<TimeTick>1565614849</TimeTick>
<NodeArgs eType="General" icon="4" nRep="9" >
<Disp><![CDATA[Service: Set Sockets Option]]></Disp>
</NodeArgs>
</Step>
<Step rID="T6">
<Obj plainTxt="False" ><![CDATA[Url: SmileDirectClubWeb]]></Obj>
<Details plainTxt="False" ><![CDATA[<CENTER><STRONG><FONT COLOR=#009A63>Step completed successfully</FONT></STRONG></CENTER>]]></Details>
<Time><![CDATA[8/12/2019 - 8:00:53]]></Time>
<TimeTick>1565614853</TimeTick>
<NodeArgs eType="General" icon="5" nRep="10" status="Passed" >
<Disp><![CDATA[Url: SmileDirectClubWeb]]></Disp>
<BtmPane vType="HTMLSNSH" >
<Path><![CDATA[\Iteration1\t1.inf]]></Path>
</BtmPane>
</NodeArgs>
</Step>
<Step rID="T7">
<Obj plainTxt="False" ><![CDATA[Service: Add Auto Header]]></Obj>
<Details plainTxt="False" ><![CDATA[<CENTER>Add the following header to all subsequent HTTP requests :<BR><STRONG><FONT COLOR=#00AF00>X-Citrix-IsUsingHTTPS: Yes</FONT></STRONG></CENTER>]]></Details>
<Time><![CDATA[8/12/2019 - 8:00:53]]></Time>
<TimeTick>1565614853</TimeTick>
<NodeArgs eType="General" icon="6" nRep="11" >
<Disp><![CDATA[Service: Add Auto Header]]></Disp>
</NodeArgs>
</Step>
<Step rID="T8">
<Obj plainTxt="False" ><![CDATA[Service: Add Auto Header]]></Obj>
<Details plainTxt="False" ><![CDATA[<CENTER>Add the following header to all subsequent HTTP requests :<BR><STRONG><FONT COLOR=#00AF00>X-Requested-With: XMLHttpRequest</FONT></STRONG></CENTER>]]></Details>
<Time><![CDATA[8/12/2019 - 8:00:53]]></Time>
<TimeTick>1565614853</TimeTick>
<NodeArgs eType="General" icon="6" nRep="12" >
<Disp><![CDATA[Service: Add Auto Header]]></Disp>
</NodeArgs>
</Step>
<Step rID="T9">
<Obj plainTxt="False" ><![CDATA[Service: Reg Save Param Ex]]></Obj>
<Details plainTxt="False" ><![CDATA[<CENTER>TargetParam = <STRONG><FONT COLOR=#00AF00>CitrixXenApp_CsrfToken</FONT></STRONG><BR>Left Boundary = <STRONG><FONT COLOR=#00AF00>LB/IC=CsrfToken=</FONT></STRONG><BR>Right Boundary = <STRONG><FONT COLOR=#00AF00>RB/IC=;</FONT></STRONG><BR>Instance = <STRONG><FONT COLOR=#00AF00>Argument omitted</FONT></STRONG></CENTER>]]></Details>
<Time><![CDATA[8/12/2019 - 8:00:53]]></Time>
<TimeTick>1565614853</TimeTick>
<NodeArgs eType="General" icon="7" nRep="13" >
<Disp><![CDATA[Service: Reg Save Param Ex]]></Disp>
</NodeArgs>
</Step>
<Step rID="T10">
<Obj plainTxt="False" ><![CDATA[Custom Request: Configuration]]></Obj>
<Details plainTxt="False" ><![CDATA[<CENTER><STRONG><FONT COLOR=#009A63>Step completed successfully</FONT></STRONG></CENTER>]]></Details>
<Time><![CDATA[8/12/2019 - 8:00:53]]></Time>
<TimeTick>1565614853</TimeTick>
<NodeArgs eType="General" icon="8" nRep="14" status="Passed" >
<Disp><![CDATA[Custom Request: Configuration]]></Disp>
<BtmPane vType="HTMLSNSH" >
<Path><![CDATA[\Iteration1\t3.inf]]></Path>
</BtmPane>
</NodeArgs>
</Step>
<Step rID="T11">
<Obj plainTxt="False" ><![CDATA[Service: Add Auto Header]]></Obj>
<Details plainTxt="False" ><![CDATA[<CENTER>Add the following header to all subsequent HTTP requests :<BR><STRONG><FONT COLOR=#00AF00>Csrf-Token: 04B09427E4817095216A61AB8A09CD6C</FONT></STRONG></CENTER>]]></Details>
<Time><![CDATA[8/12/2019 - 8:00:53]]></Time>
<TimeTick>1565614853</TimeTick>
<NodeArgs eType="General" icon="6" nRep="15" >
<Disp><![CDATA[Service: Add Auto Header]]></Disp>
</NodeArgs>
</Step>
<Step rID="T12">
<Obj plainTxt="False" ><![CDATA[Custom Request: GetDetectionTicket]]></Obj>
<Details plainTxt="False" ><![CDATA[<CENTER><STRONG><FONT COLOR=#009A63>Step completed successfully</FONT></STRONG></CENTER>]]></Details>
<Time><![CDATA[8/12/2019 - 8:00:57]]></Time>
<TimeTick>1565614857</TimeTick>
<NodeArgs eType="General" icon="8" nRep="16" status="Passed" >
<Disp><![CDATA[Custom Request: GetDetectionTicket]]></Disp>
<BtmPane vType="HTMLSNSH" >
<Path><![CDATA[\Iteration1\t4.inf]]></Path>
</BtmPane>
</NodeArgs>
</Step>
<Step rID="T13">
<Obj plainTxt="False" ><![CDATA[Custom Request: GetDetectionStatus]]></Obj>
<Details plainTxt="False" ><![CDATA[<CENTER><STRONG><FONT COLOR=#009A63>Step completed successfully</FONT></STRONG></CENTER>]]></Details>
<Time><![CDATA[8/12/2019 - 8:00:57]]></Time>
<TimeTick>1565614857</TimeTick>
<NodeArgs eType="General" icon="8" nRep="17" status="Passed" >
<Disp><![CDATA[Custom Request: GetDetectionStatus]]></Disp>
<BtmPane vType="HTMLSNSH" >
<Path><![CDATA[\Iteration1\t5.inf]]></Path>
</BtmPane>
</NodeArgs>
</Step>
<Step rID="T14">
<Obj plainTxt="False" ><![CDATA[Custom Request: GetDetectionStatus_2]]></Obj>
<Details plainTxt="False" ><![CDATA[<CENTER><STRONG><FONT COLOR=#009A63>Step completed successfully</FONT></STRONG></CENTER>]]></Details>
<Time><![CDATA[8/12/2019 - 8:00:57]]></Time>
<TimeTick>1565614857</TimeTick>
<NodeArgs eType="General" icon="8" nRep="18" status="Passed" >
<Disp><![CDATA[Custom Request: GetDetectionStatus_2]]></Disp>
<BtmPane vType="HTMLSNSH" >
<Path><![CDATA[\Iteration1\t6.inf]]></Path>
</BtmPane>
</NodeArgs>
</Step>
<Step rID="T15">
<Obj plainTxt="False" ><![CDATA[Custom Request: GetDetectionStatus_3]]></Obj>
<Details plainTxt="False" ><![CDATA[<CENTER><STRONG><FONT COLOR=#009A63>Step completed successfully</FONT></STRONG></CENTER>]]></Details>
<Time><![CDATA[8/12/2019 - 8:00:57]]></Time>
<TimeTick>1565614857</TimeTick>
<NodeArgs eType="General" icon="8" nRep="19" status="Passed" >
<Disp><![CDATA[Custom Request: GetDetectionStatus_3]]></Disp>
<BtmPane vType="HTMLSNSH" >
<Path><![CDATA[\Iteration1\t7.inf]]></Path>
</BtmPane>
</NodeArgs>
</Step>
<Step rID="T16">
<Obj plainTxt="False" ><![CDATA[Service: Add Cookie]]></Obj>
<Details plainTxt="False" ><![CDATA[<CENTER>Add the following cookie: <STRONG><FONT COLOR=#00AF00>CtxsUserPreferredClient=Native; DOMAIN=storefront.smileco.com</FONT></STRONG></CENTER>]]></Details>
<Time><![CDATA[8/12/2019 - 8:00:57]]></Time>
<TimeTick>1565614857</TimeTick>
<NodeArgs eType="General" icon="9" nRep="20" >
<Disp><![CDATA[Service: Add Cookie]]></Disp>
</NodeArgs>
</Step>
<Step rID="T17">
<Obj plainTxt="False" ><![CDATA[Service: Add Cookie]]></Obj>
<Details plainTxt="False" ><![CDATA[<CENTER>Add the following cookie: <STRONG><FONT COLOR=#00AF00>CtxsClientDetectionDone=true; DOMAIN=storefront.smileco.com</FONT></STRONG></CENTER>]]></Details>
<Time><![CDATA[8/12/2019 - 8:00:58]]></Time>
<TimeTick>1565614858</TimeTick>
<NodeArgs eType="General" icon="9" nRep="21" >
<Disp><![CDATA[Service: Add Cookie]]></Disp>
</NodeArgs>
</Step>
<Step rID="T18">
<Obj plainTxt="False" ><![CDATA[Service: Add Cookie]]></Obj>
<Details plainTxt="False" ><![CDATA[<CENTER>Add the following cookie: <STRONG><FONT COLOR=#00AF00>CtxsHasUpgradeBeenShown=true; DOMAIN=storefront.smileco.com</FONT></STRONG></CENTER>]]></Details>
<Time><![CDATA[8/12/2019 - 8:00:58]]></Time>
<TimeTick>1565614858</TimeTick>
<NodeArgs eType="General" icon="9" nRep="22" >
<Disp><![CDATA[Service: Add Cookie]]></Disp>
</NodeArgs>
</Step>
<Step rID="T19">
<Obj plainTxt="False" ><![CDATA[Submit Data: List]]></Obj>
<Details plainTxt="False" ><![CDATA[<CENTER><STRONG><FONT COLOR=#009A63>Step completed successfully</FONT></STRONG></CENTER>]]></Details>
<Time><![CDATA[8/12/2019 - 8:00:58]]></Time>
<TimeTick>1565614858</TimeTick>
<NodeArgs eType="General" icon="10" nRep="23" status="Passed" >
<Disp><![CDATA[Submit Data: List]]></Disp>
<BtmPane vType="HTMLSNSH" >
<Path><![CDATA[\Iteration1\t8.inf]]></Path>
</BtmPane>
</NodeArgs>
</Step>
<Step rID="T20">
<Obj plainTxt="False" ><![CDATA[Custom Request: GetAuthMethods]]></Obj>
<Details plainTxt="False" ><![CDATA[<CENTER><STRONG><FONT COLOR=#009A63>Step completed successfully</FONT></STRONG></CENTER>]]></Details>
<Time><![CDATA[8/12/2019 - 8:00:58]]></Time>
<TimeTick>1565614858</TimeTick>
<NodeArgs eType="General" icon="8" nRep="24" status="Passed" >
<Disp><![CDATA[Custom Request: GetAuthMethods]]></Disp>
<BtmPane vType="HTMLSNSH" >
<Path><![CDATA[\Iteration1\t9.inf]]></Path>
</BtmPane>
</NodeArgs>
</Step>
<Step rID="T21">
<Obj plainTxt="False" ><![CDATA[Custom Request: Login]]></Obj>
<Details plainTxt="False" ><![CDATA[<CENTER><STRONG><FONT COLOR=#009A63>Resource of content type ""DummyContentType"" loaded successfully</FONT></STRONG></CENTER>]]></Details>
<Time><![CDATA[8/12/2019 - 8:00:58]]></Time>
<TimeTick>1565614858</TimeTick>
<NodeArgs eType="General" icon="8" nRep="25" status="Passed" >
<Disp><![CDATA[Custom Request: Login]]></Disp>
</NodeArgs>
</Step>
<Step rID="T22">
<Obj plainTxt="False" ><![CDATA[Service: Remove/Revert Auto Header]]></Obj>
<Details plainTxt="False" ><![CDATA[<CENTER>Remove/revert <BR><STRONG><FONT COLOR=#00AF00>Csrf-Token</FONT></STRONG> header, implicit generation: <STRONG>Yes</STRONG></CENTER>]]></Details>
<Time><![CDATA[8/12/2019 - 8:00:58]]></Time>
<TimeTick>1565614858</TimeTick>
<NodeArgs eType="General" icon="4" nRep="26" >
<Disp><![CDATA[Service: Remove/Revert Auto Header]]></Disp>
</NodeArgs>
</Step>
<Step rID="T23">
<Obj plainTxt="False" ><![CDATA[Service: Remove/Revert Auto Header]]></Obj>
<Details plainTxt="False" ><![CDATA[<CENTER>Remove/revert <BR><STRONG><FONT COLOR=#00AF00>X-Citrix-IsUsingHTTPS</FONT></STRONG> header, implicit generation: <STRONG>Yes</STRONG></CENTER>]]></Details>
<Time><![CDATA[8/12/2019 - 8:00:58]]></Time>
<TimeTick>1565614858</TimeTick>
<NodeArgs eType="General" icon="4" nRep="27" >
<Disp><![CDATA[Service: Remove/Revert Auto Header]]></Disp>
</NodeArgs>
</Step>
<Step rID="T24">
<Obj plainTxt="False" ><![CDATA[Service: Remove/Revert Auto Header]]></Obj>
<Details plainTxt="False" ><![CDATA[<CENTER>Remove/revert <BR><STRONG><FONT COLOR=#00AF00>X-Requested-With</FONT></STRONG> header, implicit generation: <STRONG>Yes</STRONG></CENTER>]]></Details>
<Time><![CDATA[8/12/2019 - 8:00:58]]></Time>
<TimeTick>1565614858</TimeTick>
<NodeArgs eType="General" icon="4" nRep="28" >
<Disp><![CDATA[Service: Remove/Revert Auto Header]]></Disp>
</NodeArgs>
</Step>
<Step rID="T25">
<Obj plainTxt="False" ><![CDATA[Custom Request: reportDetectionStatus]]></Obj>
<Details plainTxt="False" ><![CDATA[<CENTER><STRONG><FONT COLOR=#009A63>Step completed successfully</FONT></STRONG></CENTER>]]></Details>
<Time><![CDATA[8/12/2019 - 8:01:04]]></Time>
<TimeTick>1565614864</TimeTick>
<NodeArgs eType="General" icon="8" nRep="29" status="Passed" >
<Disp><![CDATA[Custom Request: reportDetectionStatus]]></Disp>
<BtmPane vType="HTMLSNSH" >
<Path><![CDATA[\Iteration1\t11.inf]]></Path>
</BtmPane>
</NodeArgs>
</Step>
<Step rID="T26">
<Obj plainTxt="False" ><![CDATA[Service: Add Auto Header]]></Obj>
<Details plainTxt="False" ><![CDATA[<CENTER>Add the following header to all subsequent HTTP requests :<BR><STRONG><FONT COLOR=#00AF00>Csrf-Token: 04B09427E4817095216A61AB8A09CD6C</FONT></STRONG></CENTER>]]></Details>
<Time><![CDATA[8/12/2019 - 8:01:04]]></Time>
<TimeTick>1565614864</TimeTick>
<NodeArgs eType="General" icon="6" nRep="30" >
<Disp><![CDATA[Service: Add Auto Header]]></Disp>
</NodeArgs>
</Step>
<Step rID="T27">
<Obj plainTxt="False" ><![CDATA[Service: Add Auto Header]]></Obj>
<Details plainTxt="False" ><![CDATA[<CENTER>Add the following header to all subsequent HTTP requests :<BR><STRONG><FONT COLOR=#00AF00>X-Citrix-IsUsingHTTPS: Yes</FONT></STRONG></CENTER>]]></Details>
<Time><![CDATA[8/12/2019 - 8:01:04]]></Time>
<TimeTick>1565614864</TimeTick>
<NodeArgs eType="General" icon="6" nRep="31" >
<Disp><![CDATA[Service: Add Auto Header]]></Disp>
</NodeArgs>
</Step>
<Step rID="T28">
<Obj plainTxt="False" ><![CDATA[Service: Add Auto Header]]></Obj>
<Details plainTxt="False" ><![CDATA[<CENTER>Add the following header to all subsequent HTTP requests :<BR><STRONG><FONT COLOR=#00AF00>X-Requested-With: XMLHttpRequest</FONT></STRONG></CENTER>]]></Details>
<Time><![CDATA[8/12/2019 - 8:01:04]]></Time>
<TimeTick>1565614864</TimeTick>
<NodeArgs eType="General" icon="6" nRep="32" >
<Disp><![CDATA[Service: Add Auto Header]]></Disp>
</NodeArgs>
</Step>
<Step rID="T29">
<Obj plainTxt="False" ><![CDATA[Submit Data: LoginAttempt]]></Obj>
<Details plainTxt="False" ><![CDATA[<CENTER><STRONG><FONT COLOR=#009A63>Step completed successfully</FONT></STRONG></CENTER>]]></Details>
<Time><![CDATA[8/12/2019 - 8:01:04]]></Time>
<TimeTick>1565614864</TimeTick>
<NodeArgs eType="General" icon="10" nRep="33" status="Passed" >
<Disp><![CDATA[Submit Data: LoginAttempt]]></Disp>
<BtmPane vType="HTMLSNSH" >
<Path><![CDATA[\Iteration1\t12.inf]]></Path>
</BtmPane>
</NodeArgs>
</Step>
<Step rID="T30">
<Obj plainTxt="False" ><![CDATA[Service: Add Cookie]]></Obj>
<Details plainTxt="False" ><![CDATA[<CENTER>Add the following cookie: <STRONG><FONT COLOR=#00AF00>CtxsPasswordChangeAllowed=true; DOMAIN=storefront.smileco.com</FONT></STRONG></CENTER>]]></Details>
<Time><![CDATA[8/12/2019 - 8:01:04]]></Time>
<TimeTick>1565614864</TimeTick>
<NodeArgs eType="General" icon="9" nRep="34" >
<Disp><![CDATA[Service: Add Cookie]]></Disp>
</NodeArgs>
</Step>
<Step rID="T31">
<Obj plainTxt="False" ><![CDATA[Submit Data: List_2]]></Obj>
<Details plainTxt="False" ><![CDATA[<CENTER><STRONG><FONT COLOR=#009A63>Step completed successfully</FONT></STRONG></CENTER>]]></Details>
<Time><![CDATA[8/12/2019 - 8:01:04]]></Time>
<TimeTick>1565614864</TimeTick>
<NodeArgs eType="General" icon="10" nRep="35" status="Passed" >
<Disp><![CDATA[Submit Data: List_2]]></Disp>
<BtmPane vType="HTMLSNSH" >
<Path><![CDATA[\Iteration1\t13.inf]]></Path>
</BtmPane>
</NodeArgs>
</Step>
<Step rID="T32">
<Obj plainTxt="False" ><![CDATA[Custom Request: GetUserName]]></Obj>
<Details plainTxt="False" ><![CDATA[<CENTER><STRONG><FONT COLOR=#009A63>Resource of content type ""DummyContentType"" loaded successfully</FONT></STRONG></CENTER>]]></Details>
<Time><![CDATA[8/12/2019 - 8:01:04]]></Time>
<TimeTick>1565614864</TimeTick>
<NodeArgs eType="General" icon="8" nRep="36" status="Passed" >
<Disp><![CDATA[Custom Request: GetUserName]]></Disp>
</NodeArgs>
</Step>
<Step rID="T33">
<Obj plainTxt="False" ><![CDATA[Custom Request: AllowSelfServiceAccountManagement]]></Obj>
<Details plainTxt="False" ><![CDATA[<CENTER><STRONG><FONT COLOR=#009A63>Step completed successfully</FONT></STRONG></CENTER>]]></Details>
<Time><![CDATA[8/12/2019 - 8:01:04]]></Time>
<TimeTick>1565614864</TimeTick>
<NodeArgs eType="General" icon="8" nRep="37" status="Passed" >
<Disp><![CDATA[Custom Request: AllowSelfServiceAccountManagement]]></Disp>
<BtmPane vType="HTMLSNSH" >
<Path><![CDATA[\Iteration1\t15.inf]]></Path>
</BtmPane>
</NodeArgs>
</Step>
<Step rID="T34">
<Obj plainTxt="False" ><![CDATA[Submit Data: {ICA_FILE}]]></Obj>
<Details plainTxt="False" ><![CDATA[<CENTER><STRONG><FONT COLOR=#009A63>Step completed successfully</FONT></STRONG></CENTER>]]></Details>
<Time><![CDATA[8/12/2019 - 8:01:14]]></Time>
<TimeTick>1565614874</TimeTick>
<NodeArgs eType="General" icon="10" nRep="38" status="Passed" >
<Disp><![CDATA[Submit Data: {ICA_FILE}]]></Disp>
<BtmPane vType="HTMLSNSH" >
<Path><![CDATA[\Iteration1\t16.inf]]></Path>
</BtmPane>
</NodeArgs>
</Step>
<Step rID="T35">
<Obj plainTxt="False" ><![CDATA[Service: Remove/Revert Auto Header]]></Obj>
<Details plainTxt="False" ><![CDATA[<CENTER>Remove/revert <BR><STRONG><FONT COLOR=#00AF00>Csrf-Token</FONT></STRONG> header, implicit generation: <STRONG>Yes</STRONG></CENTER>]]></Details>
<Time><![CDATA[8/12/2019 - 8:02:53]]></Time>
<TimeTick>1565614973</TimeTick>
<NodeArgs eType="General" icon="4" nRep="39" >
<Disp><![CDATA[Service: Remove/Revert Auto Header]]></Disp>
</NodeArgs>
</Step>
<Step rID="T36">
<Obj plainTxt="False" ><![CDATA[Service: Remove/Revert Auto Header]]></Obj>
<Details plainTxt="False" ><![CDATA[<CENTER>Remove/revert <BR><STRONG><FONT COLOR=#00AF00>X-Citrix-IsUsingHTTPS</FONT></STRONG> header, implicit generation: <STRONG>Yes</STRONG></CENTER>]]></Details>
<Time><![CDATA[8/12/2019 - 8:02:53]]></Time>
<TimeTick>1565614973</TimeTick>
<NodeArgs eType="General" icon="4" nRep="40" >
<Disp><![CDATA[Service: Remove/Revert Auto Header]]></Disp>
</NodeArgs>
</Step>
<Step rID="T37">
<Obj plainTxt="False" ><![CDATA[Service: Remove/Revert Auto Header]]></Obj>
<Details plainTxt="False" ><![CDATA[<CENTER>Remove/revert <BR><STRONG><FONT COLOR=#00AF00>X-Requested-With</FONT></STRONG> header, implicit generation: <STRONG>Yes</STRONG></CENTER>]]></Details>
<Time><![CDATA[8/12/2019 - 8:02:53]]></Time>
<TimeTick>1565614973</TimeTick>
<NodeArgs eType="General" icon="4" nRep="41" >
<Disp><![CDATA[Service: Remove/Revert Auto Header]]></Disp>
</NodeArgs>
</Step>
<Summary sTime="8/12/2019 - 8:00:49" eTime="8/12/2019 - 8:02:53" passed="15" failed="0" warnings="0" ></Summary>
<NodeArgs eType="StartAction" icon="2" nRep="8" status="Passed" >
<Disp><![CDATA[Action Summary]]></Disp>
</NodeArgs>
</Action>
<NodeArgs eType="StartIteration" icon="3" nRep="7" status="Passed" >
<Disp><![CDATA[CAD_Create_Patinet_v3 Iteration 1 (Row 1)]]></Disp>
</NodeArgs>
</DIter>
<Action rID="T38">
<AName><![CDATA[vuser_end]]></AName>
<Summary sTime="8/12/2019 - 8:02:53" eTime="8/12/2019 - 8:02:53" passed="0" failed="0" warnings="0" ></Summary>
<NodeArgs eType="StartAction" icon="2" nRep="44" >
<Disp><![CDATA[vuser_end Summary]]></Disp>
</NodeArgs>
</Action>
<Summary sTime="8/12/2019 - 8:00:49" eTime="8/12/2019 - 8:02:54" passed="15" failed="0" warnings="0" ></Summary>
<NodeArgs eType="StartTest" icon="1" nRep="4" status="Passed" >
<Disp><![CDATA[Test CAD_Create_Patinet_v3 Summary]]></Disp>
</NodeArgs>
</Doc>
</Report>