﻿<?xml version="1.0"?>
<!DOCTYPE Report
[
<!ELEMENT Report (General ,(Doc|BPT)) >
<!ATTLIST Report ver CDATA #REQUIRED tmZone CDATA #REQUIRED>

<!ELEMENT General ( DocLocation ) >
<!ATTLIST General productName CDATA #REQUIRED productVer CDATA #REQUIRED os CDATA #REQUIRED host CDATA #REQUIRED qcserver CDATA #IMPLIED qcproject CDATA #IMPLIED SolManSolutionId CDATA #IMPLIED SolManProjectId CDATA #IMPLIED SolManTestPlanId CDATA #IMPLIED SolManTestPackageId CDATA #IMPLIED SolManUserInfoData CDATA #IMPLIED  >

<!ELEMENT BPT (DName,Res,DVer?,TSet?,TInst?,NodeArgs,AdditionalInfo*,Doc*) >
<!ATTLIST BPT rID ID #REQUIRED >

<!ELEMENT Doc (DName,ConfName?,Res,DVer?,TSet?,TInst?,RunType?,DT?,AdditionalInfo*,Step*,DIter*,Step*,Action*,Doc*,Summary?,TestMaintenanceSummary*,NodeArgs?) >
<!ATTLIST Doc rID ID #REQUIRED type (Test|BC|BPTWrapperTest|Flow|Group|Action) "Test" productName CDATA #REQUIRED BCIter CDATA #IMPLIED >

<!ELEMENT RunType ( #PCDATA )>
<!ATTLIST RunType fmStep (False|True) "False" batch (False|True) "False" upDesc (False|True) "False" upChk (False|True) "False" upAS (False|True) "False">

<!ELEMENT DName ( #PCDATA ) >

<!ELEMENT ConfName ( #PCDATA ) >

<!ELEMENT Res ( #PCDATA ) >

<!ELEMENT AdditionalInfo (AdditionalDataName,AdditionalDataValue ) >

<!ELEMENT AdditionalDataName ( #PCDATA ) >

<!ELEMENT AdditionalDataValue ( #PCDATA ) >

<!ELEMENT DVer ( #PCDATA ) >

<!ELEMENT TSet ( #PCDATA ) >

<!ELEMENT TInst ( #PCDATA ) >

<!ELEMENT DIter (Step*,Action+,Summary?,NodeArgs)>
<!ATTLIST DIter rID ID #REQUIRED iterID CDATA #REQUIRED>

<!ELEMENT DocLocation ( #PCDATA )>

<!ELEMENT Action (AName,AIter*,(Step|HtmlStep|Action)*, Summary,ActionMaintenanceSummary*, NodeArgs ) >
<!ATTLIST Action rID ID #REQUIRED>

<!ELEMENT AIter ((Step|HtmlStep|Action)*,DataMapping?, Summary?,NodeArgs) >
<!ATTLIST AIter rID ID #REQUIRED iterID CDATA #REQUIRED isCountable (False|True) "False" >

<!ELEMENT AName ( #PCDATA ) >

<!ELEMENT TestMaintenanceSummary (ActionMaintenanceSummary*) >
<!ATTLIST TestMaintenanceSummary ObjectsAdded CDATA #REQUIRED ObjectsUpdated CDATA #REQUIRED StepsUpdated CDATA #REQUIRED StepsComments CDATA #REQUIRED><!ELEMENT ActionMaintenanceSummary (ObjectChange* ) >
<!ATTLIST ActionMaintenanceSummary Action CDATA #REQUIRED Objects CDATA #REQUIRED Updated CDATA #REQUIRED LinesTotal CDATA #REQUIRED Added CDATA #REQUIRED LinesUpdated CDATA #REQUIRED>

<!ELEMENT ObjectChange  (Hierarchy, PropertyChangeList* ) >
<!ATTLIST ObjectChange Operation CDATA #IMPLIED OriginalRepository CDATA #IMPLIED>

<!ELEMENT PropertyChangeList (PropertyDef*) >

<!ELEMENT PropertyDef (OriginalValue, NewValue) >
<!ATTLIST PropertyDef PropName CDATA #REQUIRED OriginRegularExpression (True|False) "False" NewRegularExpression (True|False) "False" AddedProperty (True|False) "False" >

<!ELEMENT OriginalValue ( #PCDATA )>

<!ELEMENT NewValue ( #PCDATA )>

<!ELEMENT Hierarchy  (ObjectName, Hierarchy*) >
<!ATTLIST Hierarchy MicClass CDATA #REQUIRED>

<!ELEMENT ObjectName  ( #PCDATA ) >

<!ELEMENT Step (Obj,Details,Time,TimeTick* ,(Step|HtmlStep|Doc)*, DataMapping?, NodeArgs) >
<!ATTLIST Step rID ID #REQUIRED retval CDATA #IMPLIED>

<!ELEMENT HtmlStep (HTML,TimeTick*,(Step|HtmlStep|Doc)*,NodeArgs) >
<!ATTLIST HtmlStep rID ID #REQUIRED >

<!ELEMENT Obj ( #PCDATA ) >
<!ATTLIST Obj plainTxt (False|True) "True">

<!ELEMENT Details ( #PCDATA ) >
<!ATTLIST Details plainTxt (False|True) "True">

<!ELEMENT Time ( #PCDATA ) >

<!ELEMENT HTML ( #PCDATA ) >

<!ELEMENT Disp ( #PCDATA ) >

<!ELEMENT TimeTick ( #PCDATA ) >

<!ELEMENT DataMapping ( DataMappedItem* )>
<!ELEMENT DataMappedItem EMPTY >
<!ATTLIST DataMappedItem dsName CDATA #REQUIRED >
<!ATTLIST DataMappedItem rowId CDATA #REQUIRED >

<!ELEMENT NodeArgs (Disp,TopPane?,BtmPane?,ExtendedInfo? )>
<!ATTLIST NodeArgs eType CDATA #REQUIRED icon CDATA #REQUIRED nRep CDATA #REQUIRED UserNote CDATA #IMPLIED filter (False|True) "True">
<!ATTLIST NodeArgs status (Passed|Failed|Done|Warning|Information) "Done">
<!ATTLIST NodeArgs iconSel CDATA #IMPLIED nType CDATA #IMPLIED MovieMarker CDATA "">
<!ATTLIST NodeArgs Source CDATA #IMPLIED SourceLine CDATA #IMPLIED StepFlowItemKey CDATA #IMPLIED >

<!ELEMENT TopPane (Path)>

<!ELEMENT BtmPane ( (Path|WR)?,ASHilite?)>
<!ATTLIST BtmPane vType CDATA "HTML">

<!ELEMENT Path ( #PCDATA ) >

<!ELEMENT ASHilite ( #PCDATA ) >

<!ELEMENT WR ( #PCDATA ) >

<!ELEMENT ExtendedInfo ( StepData ) >

<!ATTLIST ExtendedInfo StepType CDATA #REQUIRED>
<!ELEMENT DT (NodeArgs) >
<!ATTLIST DT rID ID #REQUIRED>

<!ELEMENT Summary (Param*)>
<!ATTLIST Summary sTime CDATA #IMPLIED eTime CDATA #IMPLIED passed CDATA #IMPLIED failed CDATA #IMPLIED warnings CDATA #IMPLIED retval CDATA #IMPLIED stopped (False|True) "False" >

<!ELEMENT Param (ParamName,ParamVal)+ >
<!ATTLIST Param paramInOut (In|Out) "In">

<!ELEMENT ParamName ( #PCDATA ) >

<!ELEMENT ParamVal ( #PCDATA ) >

]
>
<Report ver="2.0" tmZone="Central Standard Time">
<General productName="Vugen" productVer="12" os="" host="QWSHVTEST06"><DocLocation><![CDATA[C:\Users\siva.kota\Documents\Phase2\CitrixICA_SearchPatient_v2]]></DocLocation></General>
<Doc rID="T1"   productName= "Vugen"  >
<DName><![CDATA[CitrixICA_SearchPatient_v2]]></DName>
<Res><![CDATA[result1]]></Res>
<Action rID="T2">
<AName><![CDATA[vuser_init]]></AName>
<Step rID="T3">
<Obj plainTxt="False" ><![CDATA[Service: Global Verification]]></Obj>
<Details plainTxt="False" ><![CDATA[<CENTER><STRONG><FONT COLOR=#00AF00>Text/IC=Internal Database Error</FONT></STRONG></CENTER>]]></Details>
<Time><![CDATA[9/9/2019 - 5:56:11]]></Time>
<TimeTick>1568026571</TimeTick>
<NodeArgs eType="General" icon="3" nRep="6" >
<Disp><![CDATA[Service: Global Verification]]></Disp>
</NodeArgs>
</Step>
<Step rID="T4">
<Obj plainTxt="False" ><![CDATA[Service: Global Verification]]></Obj>
<Details plainTxt="False" ><![CDATA[<CENTER><STRONG><FONT COLOR=#00AF00>Text/IC=SAMLGateway Inbound Error</FONT></STRONG></CENTER>]]></Details>
<Time><![CDATA[9/9/2019 - 5:56:11]]></Time>
<TimeTick>1568026571</TimeTick>
<NodeArgs eType="General" icon="3" nRep="7" >
<Disp><![CDATA[Service: Global Verification]]></Disp>
</NodeArgs>
</Step>
<Step rID="T5">
<Obj plainTxt="False" ><![CDATA[Service: Global Verification]]></Obj>
<Details plainTxt="False" ><![CDATA[<CENTER><STRONG><FONT COLOR=#00AF00>Text/IC=Gateway Timeout</FONT></STRONG></CENTER>]]></Details>
<Time><![CDATA[9/9/2019 - 5:56:11]]></Time>
<TimeTick>1568026571</TimeTick>
<NodeArgs eType="General" icon="3" nRep="8" >
<Disp><![CDATA[Service: Global Verification]]></Disp>
</NodeArgs>
</Step>
<Step rID="T6">
<Obj plainTxt="False" ><![CDATA[Service: Global Verification]]></Obj>
<Details plainTxt="False" ><![CDATA[<CENTER><STRONG><FONT COLOR=#00AF00>Text=Internal System Error</FONT></STRONG></CENTER>]]></Details>
<Time><![CDATA[9/9/2019 - 5:56:11]]></Time>
<TimeTick>1568026571</TimeTick>
<NodeArgs eType="General" icon="3" nRep="9" >
<Disp><![CDATA[Service: Global Verification]]></Disp>
</NodeArgs>
</Step>
<Step rID="T7">
<Obj plainTxt="False" ><![CDATA[Service: Global Verification]]></Obj>
<Details plainTxt="False" ><![CDATA[<CENTER><STRONG><FONT COLOR=#00AF00>Text=You have logged off, or you have left your session idle for more than 10 minutes, causing an automatic log off.</FONT></STRONG></CENTER>]]></Details>
<Time><![CDATA[9/9/2019 - 5:56:11]]></Time>
<TimeTick>1568026571</TimeTick>
<NodeArgs eType="General" icon="3" nRep="10" >
<Disp><![CDATA[Service: Global Verification]]></Disp>
</NodeArgs>
</Step>
<Step rID="T8">
<Obj plainTxt="False" ><![CDATA[Service: Global Verification]]></Obj>
<Details plainTxt="False" ><![CDATA[<CENTER><STRONG><FONT COLOR=#00AF00>Text=Error 500--Internal Server Error</FONT></STRONG></CENTER>]]></Details>
<Time><![CDATA[9/9/2019 - 5:56:11]]></Time>
<TimeTick>1568026571</TimeTick>
<NodeArgs eType="General" icon="3" nRep="11" >
<Disp><![CDATA[Service: Global Verification]]></Disp>
</NodeArgs>
</Step>
<Step rID="T9">
<Obj plainTxt="False" ><![CDATA[Service: Global Verification]]></Obj>
<Details plainTxt="False" ><![CDATA[<CENTER><STRONG><FONT COLOR=#00AF00>Text/IC=There was a problem with your requestFail=Found</FONT></STRONG></CENTER>]]></Details>
<Time><![CDATA[9/9/2019 - 5:56:11]]></Time>
<TimeTick>1568026571</TimeTick>
<NodeArgs eType="General" icon="3" nRep="12" >
<Disp><![CDATA[Service: Global Verification]]></Disp>
</NodeArgs>
</Step>
<Step rID="T10">
<Obj plainTxt="False" ><![CDATA[Service: Global Verification]]></Obj>
<Details plainTxt="False" ><![CDATA[<CENTER><STRONG><FONT COLOR=#00AF00></FONT></STRONG></CENTER>]]></Details>
<Time><![CDATA[9/9/2019 - 5:56:11]]></Time>
<TimeTick>1568026571</TimeTick>
<NodeArgs eType="General" icon="3" nRep="13" >
<Disp><![CDATA[Service: Global Verification]]></Disp>
</NodeArgs>
</Step>
<Step rID="T11">
<Obj plainTxt="False" ><![CDATA[Service: Global Verification]]></Obj>
<Details plainTxt="False" ><![CDATA[<CENTER><STRONG><FONT COLOR=#00AF00>Text/IC=java.io.IOException</FONT></STRONG></CENTER>]]></Details>
<Time><![CDATA[9/9/2019 - 5:56:11]]></Time>
<TimeTick>1568026571</TimeTick>
<NodeArgs eType="General" icon="3" nRep="14" >
<Disp><![CDATA[Service: Global Verification]]></Disp>
</NodeArgs>
</Step>
<Step rID="T12">
<Obj plainTxt="False" ><![CDATA[Service: Global Verification]]></Obj>
<Details plainTxt="False" ><![CDATA[<CENTER><STRONG><FONT COLOR=#00AF00>Text/IC=please contact your System Administrator</FONT></STRONG></CENTER>]]></Details>
<Time><![CDATA[9/9/2019 - 5:56:11]]></Time>
<TimeTick>1568026571</TimeTick>
<NodeArgs eType="General" icon="3" nRep="15" >
<Disp><![CDATA[Service: Global Verification]]></Disp>
</NodeArgs>
</Step>
<Step rID="T13">
<Obj plainTxt="False" ><![CDATA[Service: Global Verification]]></Obj>
<Details plainTxt="False" ><![CDATA[<CENTER><STRONG><FONT COLOR=#00AF00>Text/IC=>The following errors have occurred:<</FONT></STRONG></CENTER>]]></Details>
<Time><![CDATA[9/9/2019 - 5:56:11]]></Time>
<TimeTick>1568026571</TimeTick>
<NodeArgs eType="General" icon="3" nRep="16" >
<Disp><![CDATA[Service: Global Verification]]></Disp>
</NodeArgs>
</Step>
<Step rID="T14">
<Obj plainTxt="False" ><![CDATA[Service: Global Verification]]></Obj>
<Details plainTxt="False" ><![CDATA[<CENTER><STRONG><FONT COLOR=#00AF00>Text/IC=The service is temporarily unavailable. Please try again later</FONT></STRONG></CENTER>]]></Details>
<Time><![CDATA[9/9/2019 - 5:56:11]]></Time>
<TimeTick>1568026571</TimeTick>
<NodeArgs eType="General" icon="3" nRep="17" >
<Disp><![CDATA[Service: Global Verification]]></Disp>
</NodeArgs>
</Step>
<Step rID="T15">
<Obj plainTxt="False" ><![CDATA[Service: Global Verification]]></Obj>
<Details plainTxt="False" ><![CDATA[<CENTER><STRONG><FONT COLOR=#00AF00>Text/IC=<p>You are not authorized to see this page.</p></FONT></STRONG></CENTER>]]></Details>
<Time><![CDATA[9/9/2019 - 5:56:11]]></Time>
<TimeTick>1568026571</TimeTick>
<NodeArgs eType="General" icon="3" nRep="18" >
<Disp><![CDATA[Service: Global Verification]]></Disp>
</NodeArgs>
</Step>
<Step rID="T16">
<Obj plainTxt="False" ><![CDATA[Service: Global Verification]]></Obj>
<Details plainTxt="False" ><![CDATA[<CENTER><STRONG><FONT COLOR=#00AF00>Text/IC=<p>$EX.DEFAULT.100001$</p></FONT></STRONG></CENTER>]]></Details>
<Time><![CDATA[9/9/2019 - 5:56:11]]></Time>
<TimeTick>1568026571</TimeTick>
<NodeArgs eType="General" icon="3" nRep="19" >
<Disp><![CDATA[Service: Global Verification]]></Disp>
</NodeArgs>
</Step>
<Step rID="T17">
<Obj plainTxt="False" ><![CDATA[Service: Global Verification]]></Obj>
<Details plainTxt="False" ><![CDATA[<CENTER><STRONG><FONT COLOR=#00AF00>Text/IC=<!-- error.ftl ends here --></FONT></STRONG></CENTER>]]></Details>
<Time><![CDATA[9/9/2019 - 5:56:11]]></Time>
<TimeTick>1568026571</TimeTick>
<NodeArgs eType="General" icon="3" nRep="20" >
<Disp><![CDATA[Service: Global Verification]]></Disp>
</NodeArgs>
</Step>
<Step rID="T18">
<Obj plainTxt="False" ><![CDATA[Service: Global Verification]]></Obj>
<Details plainTxt="False" ><![CDATA[<CENTER><STRONG><FONT COLOR=#00AF00>Text/IC=Error while rendering</FONT></STRONG></CENTER>]]></Details>
<Time><![CDATA[9/9/2019 - 5:56:11]]></Time>
<TimeTick>1568026571</TimeTick>
<NodeArgs eType="General" icon="3" nRep="21" >
<Disp><![CDATA[Service: Global Verification]]></Disp>
</NodeArgs>
</Step>
<Step rID="T19">
<Obj plainTxt="False" ><![CDATA[Service: Global Verification]]></Obj>
<Details plainTxt="False" ><![CDATA[<CENTER><STRONG><FONT COLOR=#00AF00>Text/IC=html' is not found!!!</FONT></STRONG></CENTER>]]></Details>
<Time><![CDATA[9/9/2019 - 5:56:11]]></Time>
<TimeTick>1568026571</TimeTick>
<NodeArgs eType="General" icon="3" nRep="22" >
<Disp><![CDATA[Service: Global Verification]]></Disp>
</NodeArgs>
</Step>
<Step rID="T20">
<Obj plainTxt="False" ><![CDATA[Service: Global Verification]]></Obj>
<Details plainTxt="False" ><![CDATA[<CENTER><STRONG><FONT COLOR=#00AF00>Text/IC=your search request could not be processed.</FONT></STRONG></CENTER>]]></Details>
<Time><![CDATA[9/9/2019 - 5:56:11]]></Time>
<TimeTick>1568026571</TimeTick>
<NodeArgs eType="General" icon="3" nRep="23" >
<Disp><![CDATA[Service: Global Verification]]></Disp>
</NodeArgs>
</Step>
<Step rID="T21">
<Obj plainTxt="False" ><![CDATA[Service: Global Verification]]></Obj>
<Details plainTxt="False" ><![CDATA[<CENTER><STRONG><FONT COLOR=#00AF00>Text/IC=Found 0 results.</FONT></STRONG></CENTER>]]></Details>
<Time><![CDATA[9/9/2019 - 5:56:11]]></Time>
<TimeTick>1568026571</TimeTick>
<NodeArgs eType="General" icon="3" nRep="24" >
<Disp><![CDATA[Service: Global Verification]]></Disp>
</NodeArgs>
</Step>
<Step rID="T22">
<Obj plainTxt="False" ><![CDATA[Service: Global Verification]]></Obj>
<Details plainTxt="False" ><![CDATA[<CENTER><STRONG><FONT COLOR=#00AF00>Text/IC=You are required to change your Password before continuing</FONT></STRONG></CENTER>]]></Details>
<Time><![CDATA[9/9/2019 - 5:56:11]]></Time>
<TimeTick>1568026571</TimeTick>
<NodeArgs eType="General" icon="3" nRep="25" >
<Disp><![CDATA[Service: Global Verification]]></Disp>
</NodeArgs>
</Step>
<Step rID="T23">
<Obj plainTxt="False" ><![CDATA[Service: Global Verification]]></Obj>
<Details plainTxt="False" ><![CDATA[<CENTER><STRONG><FONT COLOR=#00AF00>Text/IC=This page is no longer available.</td></FONT></STRONG></CENTER>]]></Details>
<Time><![CDATA[9/9/2019 - 5:56:11]]></Time>
<TimeTick>1568026571</TimeTick>
<NodeArgs eType="General" icon="3" nRep="26" >
<Disp><![CDATA[Service: Global Verification]]></Disp>
</NodeArgs>
</Step>
<Step rID="T24">
<Obj plainTxt="False" ><![CDATA[Service: Global Verification]]></Obj>
<Details plainTxt="False" ><![CDATA[<CENTER><STRONG><FONT COLOR=#00AF00>Text/IC=You have reached this page in error.<br/></FONT></STRONG></CENTER>]]></Details>
<Time><![CDATA[9/9/2019 - 5:56:11]]></Time>
<TimeTick>1568026571</TimeTick>
<NodeArgs eType="General" icon="3" nRep="27" >
<Disp><![CDATA[Service: Global Verification]]></Disp>
</NodeArgs>
</Step>
<Step rID="T25">
<Obj plainTxt="False" ><![CDATA[Service: Global Verification]]></Obj>
<Details plainTxt="False" ><![CDATA[<CENTER><STRONG><FONT COLOR=#00AF00>Text/IC=For OMD time-reporting employees</FONT></STRONG></CENTER>]]></Details>
<Time><![CDATA[9/9/2019 - 5:56:11]]></Time>
<TimeTick>1568026571</TimeTick>
<NodeArgs eType="General" icon="3" nRep="28" >
<Disp><![CDATA[Service: Global Verification]]></Disp>
</NodeArgs>
</Step>
<Step rID="T26">
<Obj plainTxt="False" ><![CDATA[Service: Global Verification]]></Obj>
<Details plainTxt="False" ><![CDATA[<CENTER><STRONG><FONT COLOR=#00AF00>Text/IC=Invalid data</FONT></STRONG></CENTER>]]></Details>
<Time><![CDATA[9/9/2019 - 5:56:11]]></Time>
<TimeTick>1568026571</TimeTick>
<NodeArgs eType="General" icon="3" nRep="29" >
<Disp><![CDATA[Service: Global Verification]]></Disp>
</NodeArgs>
</Step>
<Step rID="T27">
<Obj plainTxt="False" ><![CDATA[Service: Global Verification]]></Obj>
<Details plainTxt="False" ><![CDATA[<CENTER><STRONG><FONT COLOR=#00AF00>Text/IC=An error has occurred that has stopped this transaction from continuing</FONT></STRONG></CENTER>]]></Details>
<Time><![CDATA[9/9/2019 - 5:56:11]]></Time>
<TimeTick>1568026571</TimeTick>
<NodeArgs eType="General" icon="3" nRep="30" >
<Disp><![CDATA[Service: Global Verification]]></Disp>
</NodeArgs>
</Step>
<Step rID="T28">
<Obj plainTxt="False" ><![CDATA[Service: Global Verification]]></Obj>
<Details plainTxt="False" ><![CDATA[<CENTER><STRONG><FONT COLOR=#00AF00>Text/IC=Failed to decrypt domain name in URL</FONT></STRONG></CENTER>]]></Details>
<Time><![CDATA[9/9/2019 - 5:56:11]]></Time>
<TimeTick>1568026571</TimeTick>
<NodeArgs eType="General" icon="3" nRep="31" >
<Disp><![CDATA[Service: Global Verification]]></Disp>
</NodeArgs>
</Step>
<Step rID="T29">
<Obj plainTxt="False" ><![CDATA[Service: Global Verification]]></Obj>
<Details plainTxt="False" ><![CDATA[<CENTER><STRONG><FONT COLOR=#00AF00>Text/IC=>Data Integrity Error (</FONT></STRONG></CENTER>]]></Details>
<Time><![CDATA[9/9/2019 - 5:56:11]]></Time>
<TimeTick>1568026571</TimeTick>
<NodeArgs eType="General" icon="3" nRep="32" >
<Disp><![CDATA[Service: Global Verification]]></Disp>
</NodeArgs>
</Step>
<Step rID="T30">
<Obj plainTxt="False" ><![CDATA[Service: Global Verification]]></Obj>
<Details plainTxt="False" ><![CDATA[<CENTER><STRONG><FONT COLOR=#00AF00>Text/IC=<br />When trying to save your changes, the system found a conflict with other information in the database</FONT></STRONG></CENTER>]]></Details>
<Time><![CDATA[9/9/2019 - 5:56:11]]></Time>
<TimeTick>1568026571</TimeTick>
<NodeArgs eType="General" icon="3" nRep="33" >
<Disp><![CDATA[Service: Global Verification]]></Disp>
</NodeArgs>
</Step>
<Step rID="T31">
<Obj plainTxt="False" ><![CDATA[Service: Global Verification]]></Obj>
<Details plainTxt="False" ><![CDATA[<CENTER><STRONG><FONT COLOR=#00AF00>Text/IC=>If the problem persists, it may be due to an application programming error and should be reported to technical support staff. <</FONT></STRONG></CENTER>]]></Details>
<Time><![CDATA[9/9/2019 - 5:56:11]]></Time>
<TimeTick>1568026571</TimeTick>
<NodeArgs eType="General" icon="3" nRep="34" >
<Disp><![CDATA[Service: Global Verification]]></Disp>
</NodeArgs>
</Step>
<Summary sTime="9/9/2019 - 5:56:11" eTime="9/9/2019 - 5:56:11" passed="0" failed="0" warnings="0" ></Summary>
<NodeArgs eType="StartAction" icon="2" nRep="5" >
<Disp><![CDATA[vuser_init Summary]]></Disp>
</NodeArgs>
</Action>
<DIter rID="T32" iterID="1" >
<Action rID="T33">
<AName><![CDATA[Login]]></AName>
<Step rID="T34">
<Obj plainTxt="False" ><![CDATA[Service: Set Sockets Option]]></Obj>
<Details plainTxt="False" ><![CDATA[<CENTER>Set socket option <STRONG><FONT COLOR=#00AF00>SSL_VERSION</FONT></STRONG> with value <STRONG><FONT COLOR=#00AF00>2&3</FONT></STRONG></CENTER>]]></Details>
<Time><![CDATA[9/9/2019 - 5:56:11]]></Time>
<TimeTick>1568026571</TimeTick>
<NodeArgs eType="General" icon="3" nRep="38" >
<Disp><![CDATA[Service: Set Sockets Option]]></Disp>
</NodeArgs>
</Step>
<Step rID="T35">
<Obj plainTxt="False" ><![CDATA[Service: Get Int Property]]></Obj>
<Details plainTxt="False" ><![CDATA[<CENTER>Total request size : <STRONG><FONT COLOR=#00AF00>0</FONT></STRONG> bytes</CENTER>]]></Details>
<Time><![CDATA[9/9/2019 - 5:56:21]]></Time>
<TimeTick>1568026581</TimeTick>
<NodeArgs eType="General" icon="3" nRep="39" >
<Disp><![CDATA[Service: Get Int Property]]></Disp>
</NodeArgs>
</Step>
<Step rID="T36">
<Obj plainTxt="False" ><![CDATA[Service: Get Int Property]]></Obj>
<Details plainTxt="False" ><![CDATA[<CENTER>Total response size : <STRONG><FONT COLOR=#00AF00>0</FONT></STRONG> bytes</CENTER>]]></Details>
<Time><![CDATA[9/9/2019 - 5:56:21]]></Time>
<TimeTick>1568026581</TimeTick>
<NodeArgs eType="General" icon="3" nRep="40" >
<Disp><![CDATA[Service: Get Int Property]]></Disp>
</NodeArgs>
</Step>
<Step rID="T37">
<Obj plainTxt="False" ><![CDATA[Service: Get Int Property]]></Obj>
<Details plainTxt="False" ><![CDATA[<CENTER>Total request size : <STRONG><FONT COLOR=#00AF00>0</FONT></STRONG> bytes</CENTER>]]></Details>
<Time><![CDATA[9/9/2019 - 5:56:21]]></Time>
<TimeTick>1568026581</TimeTick>
<NodeArgs eType="General" icon="3" nRep="41" >
<Disp><![CDATA[Service: Get Int Property]]></Disp>
</NodeArgs>
</Step>
<Step rID="T38">
<Obj plainTxt="False" ><![CDATA[Service: Get Int Property]]></Obj>
<Details plainTxt="False" ><![CDATA[<CENTER>Total response size : <STRONG><FONT COLOR=#00AF00>0</FONT></STRONG> bytes</CENTER>]]></Details>
<Time><![CDATA[9/9/2019 - 5:56:21]]></Time>
<TimeTick>1568026581</TimeTick>
<NodeArgs eType="General" icon="3" nRep="42" >
<Disp><![CDATA[Service: Get Int Property]]></Disp>
</NodeArgs>
</Step>
<Step rID="T39">
<Obj plainTxt="False" ><![CDATA[Url: SmileDirectClubWeb]]></Obj>
<Details plainTxt="False" ><![CDATA[<CENTER><STRONG><FONT COLOR=#009A63>Step completed successfully</FONT></STRONG></CENTER>]]></Details>
<Time><![CDATA[9/9/2019 - 5:56:23]]></Time>
<TimeTick>1568026583</TimeTick>
<NodeArgs eType="General" icon="5" nRep="43" status="Passed" >
<Disp><![CDATA[Url: SmileDirectClubWeb]]></Disp>
<BtmPane vType="HTMLSNSH" >
<Path><![CDATA[\Iteration1\t1.inf]]></Path>
</BtmPane>
</NodeArgs>
</Step>
<Step rID="T40">
<Obj plainTxt="False" ><![CDATA[Service: Add Auto Header]]></Obj>
<Details plainTxt="False" ><![CDATA[<CENTER>Add the following header to all subsequent HTTP requests :<BR><STRONG><FONT COLOR=#00AF00>X-Citrix-IsUsingHTTPS: Yes</FONT></STRONG></CENTER>]]></Details>
<Time><![CDATA[9/9/2019 - 5:56:23]]></Time>
<TimeTick>1568026583</TimeTick>
<NodeArgs eType="General" icon="6" nRep="44" >
<Disp><![CDATA[Service: Add Auto Header]]></Disp>
</NodeArgs>
</Step>
<Step rID="T41">
<Obj plainTxt="False" ><![CDATA[Service: Add Auto Header]]></Obj>
<Details plainTxt="False" ><![CDATA[<CENTER>Add the following header to all subsequent HTTP requests :<BR><STRONG><FONT COLOR=#00AF00>X-Requested-With: XMLHttpRequest</FONT></STRONG></CENTER>]]></Details>
<Time><![CDATA[9/9/2019 - 5:56:23]]></Time>
<TimeTick>1568026583</TimeTick>
<NodeArgs eType="General" icon="6" nRep="45" >
<Disp><![CDATA[Service: Add Auto Header]]></Disp>
</NodeArgs>
</Step>
<Step rID="T42">
<Obj plainTxt="False" ><![CDATA[Service: Reg Save Param Ex]]></Obj>
<Details plainTxt="False" ><![CDATA[<CENTER>TargetParam = <STRONG><FONT COLOR=#00AF00>CitrixXenApp_CsrfToken</FONT></STRONG><BR>Left Boundary = <STRONG><FONT COLOR=#00AF00>LB/IC=CsrfToken=</FONT></STRONG><BR>Right Boundary = <STRONG><FONT COLOR=#00AF00>RB/IC=;</FONT></STRONG><BR>Instance = <STRONG><FONT COLOR=#00AF00>Argument omitted</FONT></STRONG></CENTER>]]></Details>
<Time><![CDATA[9/9/2019 - 5:56:23]]></Time>
<TimeTick>1568026583</TimeTick>
<NodeArgs eType="General" icon="7" nRep="46" >
<Disp><![CDATA[Service: Reg Save Param Ex]]></Disp>
</NodeArgs>
</Step>
<Step rID="T43">
<Obj plainTxt="False" ><![CDATA[Custom Request: Configuration]]></Obj>
<Details plainTxt="False" ><![CDATA[<CENTER><STRONG><FONT COLOR=#009A63>Step completed successfully</FONT></STRONG></CENTER>]]></Details>
<Time><![CDATA[9/9/2019 - 5:56:23]]></Time>
<TimeTick>1568026583</TimeTick>
<NodeArgs eType="General" icon="8" nRep="47" status="Passed" >
<Disp><![CDATA[Custom Request: Configuration]]></Disp>
<BtmPane vType="HTMLSNSH" >
<Path><![CDATA[\Iteration1\t3.inf]]></Path>
</BtmPane>
</NodeArgs>
</Step>
<Step rID="T44">
<Obj plainTxt="False" ><![CDATA[Service: Add Auto Header]]></Obj>
<Details plainTxt="False" ><![CDATA[<CENTER>Add the following header to all subsequent HTTP requests :<BR><STRONG><FONT COLOR=#00AF00>Csrf-Token: 166AF05102AF0C19CD25FFF352FB0679</FONT></STRONG></CENTER>]]></Details>
<Time><![CDATA[9/9/2019 - 5:56:23]]></Time>
<TimeTick>1568026583</TimeTick>
<NodeArgs eType="General" icon="6" nRep="48" >
<Disp><![CDATA[Service: Add Auto Header]]></Disp>
</NodeArgs>
</Step>
<Step rID="T45">
<Obj plainTxt="False" ><![CDATA[Custom Request: GetDetectionTicket]]></Obj>
<Details plainTxt="False" ><![CDATA[<CENTER><STRONG><FONT COLOR=#009A63>Step completed successfully</FONT></STRONG></CENTER>]]></Details>
<Time><![CDATA[9/9/2019 - 5:56:23]]></Time>
<TimeTick>1568026583</TimeTick>
<NodeArgs eType="General" icon="8" nRep="49" status="Passed" >
<Disp><![CDATA[Custom Request: GetDetectionTicket]]></Disp>
<BtmPane vType="HTMLSNSH" >
<Path><![CDATA[\Iteration1\t4.inf]]></Path>
</BtmPane>
</NodeArgs>
</Step>
<Step rID="T46">
<Obj plainTxt="False" ><![CDATA[Custom Request: GetDetectionStatus]]></Obj>
<Details plainTxt="False" ><![CDATA[<CENTER><STRONG><FONT COLOR=#009A63>Step completed successfully</FONT></STRONG></CENTER>]]></Details>
<Time><![CDATA[9/9/2019 - 5:56:23]]></Time>
<TimeTick>1568026583</TimeTick>
<NodeArgs eType="General" icon="8" nRep="50" status="Passed" >
<Disp><![CDATA[Custom Request: GetDetectionStatus]]></Disp>
<BtmPane vType="HTMLSNSH" >
<Path><![CDATA[\Iteration1\t5.inf]]></Path>
</BtmPane>
</NodeArgs>
</Step>
<Step rID="T47">
<Obj plainTxt="False" ><![CDATA[Service: Add Cookie]]></Obj>
<Details plainTxt="False" ><![CDATA[<CENTER>Add the following cookie: <STRONG><FONT COLOR=#00AF00>CtxsUserPreferredClient=Native; DOMAIN=storefront.smileco.com</FONT></STRONG></CENTER>]]></Details>
<Time><![CDATA[9/9/2019 - 5:56:23]]></Time>
<TimeTick>1568026583</TimeTick>
<NodeArgs eType="General" icon="9" nRep="51" >
<Disp><![CDATA[Service: Add Cookie]]></Disp>
</NodeArgs>
</Step>
<Step rID="T48">
<Obj plainTxt="False" ><![CDATA[Service: Add Cookie]]></Obj>
<Details plainTxt="False" ><![CDATA[<CENTER>Add the following cookie: <STRONG><FONT COLOR=#00AF00>CtxsClientDetectionDone=true; DOMAIN=storefront.smileco.com</FONT></STRONG></CENTER>]]></Details>
<Time><![CDATA[9/9/2019 - 5:56:23]]></Time>
<TimeTick>1568026583</TimeTick>
<NodeArgs eType="General" icon="9" nRep="52" >
<Disp><![CDATA[Service: Add Cookie]]></Disp>
</NodeArgs>
</Step>
<Step rID="T49">
<Obj plainTxt="False" ><![CDATA[Service: Add Cookie]]></Obj>
<Details plainTxt="False" ><![CDATA[<CENTER>Add the following cookie: <STRONG><FONT COLOR=#00AF00>CtxsHasUpgradeBeenShown=true; DOMAIN=storefront.smileco.com</FONT></STRONG></CENTER>]]></Details>
<Time><![CDATA[9/9/2019 - 5:56:23]]></Time>
<TimeTick>1568026583</TimeTick>
<NodeArgs eType="General" icon="9" nRep="53" >
<Disp><![CDATA[Service: Add Cookie]]></Disp>
</NodeArgs>
</Step>
<Step rID="T50">
<Obj plainTxt="False" ><![CDATA[Custom Request: GetAuthMethods]]></Obj>
<Details plainTxt="False" ><![CDATA[<CENTER><STRONG><FONT COLOR=#009A63>Step completed successfully</FONT></STRONG></CENTER>]]></Details>
<Time><![CDATA[9/9/2019 - 5:56:23]]></Time>
<TimeTick>1568026583</TimeTick>
<NodeArgs eType="General" icon="8" nRep="54" status="Passed" >
<Disp><![CDATA[Custom Request: GetAuthMethods]]></Disp>
<BtmPane vType="HTMLSNSH" >
<Path><![CDATA[\Iteration1\t6.inf]]></Path>
</BtmPane>
</NodeArgs>
</Step>
<Step rID="T51">
<Obj plainTxt="False" ><![CDATA[Custom Request: Login]]></Obj>
<Details plainTxt="False" ><![CDATA[<CENTER><STRONG><FONT COLOR=#009A63>Resource of content type ""DummyContentType"" loaded successfully</FONT></STRONG></CENTER>]]></Details>
<Time><![CDATA[9/9/2019 - 5:56:24]]></Time>
<TimeTick>1568026584</TimeTick>
<NodeArgs eType="General" icon="8" nRep="55" status="Passed" >
<Disp><![CDATA[Custom Request: Login]]></Disp>
</NodeArgs>
</Step>
<Step rID="T52">
<Obj plainTxt="False" ><![CDATA[Service: Remove/Revert Auto Header]]></Obj>
<Details plainTxt="False" ><![CDATA[<CENTER>Remove/revert <BR><STRONG><FONT COLOR=#00AF00>Csrf-Token</FONT></STRONG> header, implicit generation: <STRONG>Yes</STRONG></CENTER>]]></Details>
<Time><![CDATA[9/9/2019 - 5:56:24]]></Time>
<TimeTick>1568026584</TimeTick>
<NodeArgs eType="General" icon="3" nRep="56" >
<Disp><![CDATA[Service: Remove/Revert Auto Header]]></Disp>
</NodeArgs>
</Step>
<Step rID="T53">
<Obj plainTxt="False" ><![CDATA[Service: Remove/Revert Auto Header]]></Obj>
<Details plainTxt="False" ><![CDATA[<CENTER>Remove/revert <BR><STRONG><FONT COLOR=#00AF00>X-Citrix-IsUsingHTTPS</FONT></STRONG> header, implicit generation: <STRONG>Yes</STRONG></CENTER>]]></Details>
<Time><![CDATA[9/9/2019 - 5:56:24]]></Time>
<TimeTick>1568026584</TimeTick>
<NodeArgs eType="General" icon="3" nRep="57" >
<Disp><![CDATA[Service: Remove/Revert Auto Header]]></Disp>
</NodeArgs>
</Step>
<Step rID="T54">
<Obj plainTxt="False" ><![CDATA[Service: Remove/Revert Auto Header]]></Obj>
<Details plainTxt="False" ><![CDATA[<CENTER>Remove/revert <BR><STRONG><FONT COLOR=#00AF00>X-Requested-With</FONT></STRONG> header, implicit generation: <STRONG>Yes</STRONG></CENTER>]]></Details>
<Time><![CDATA[9/9/2019 - 5:56:24]]></Time>
<TimeTick>1568026584</TimeTick>
<NodeArgs eType="General" icon="3" nRep="58" >
<Disp><![CDATA[Service: Remove/Revert Auto Header]]></Disp>
</NodeArgs>
</Step>
<Step rID="T55">
<Obj plainTxt="False" ><![CDATA[Custom Request: reportDetectionStatus]]></Obj>
<Details plainTxt="False" ><![CDATA[<CENTER><STRONG><FONT COLOR=#009A63>Step completed successfully</FONT></STRONG></CENTER>]]></Details>
<Time><![CDATA[9/9/2019 - 5:56:24]]></Time>
<TimeTick>1568026584</TimeTick>
<NodeArgs eType="General" icon="8" nRep="59" status="Passed" >
<Disp><![CDATA[Custom Request: reportDetectionStatus]]></Disp>
<BtmPane vType="HTMLSNSH" >
<Path><![CDATA[\Iteration1\t8.inf]]></Path>
</BtmPane>
</NodeArgs>
</Step>
<Step rID="T56">
<Obj plainTxt="False" ><![CDATA[Service: Add Auto Header]]></Obj>
<Details plainTxt="False" ><![CDATA[<CENTER>Add the following header to all subsequent HTTP requests :<BR><STRONG><FONT COLOR=#00AF00>Csrf-Token: 166AF05102AF0C19CD25FFF352FB0679</FONT></STRONG></CENTER>]]></Details>
<Time><![CDATA[9/9/2019 - 5:56:24]]></Time>
<TimeTick>1568026584</TimeTick>
<NodeArgs eType="General" icon="6" nRep="60" >
<Disp><![CDATA[Service: Add Auto Header]]></Disp>
</NodeArgs>
</Step>
<Step rID="T57">
<Obj plainTxt="False" ><![CDATA[Service: Add Auto Header]]></Obj>
<Details plainTxt="False" ><![CDATA[<CENTER>Add the following header to all subsequent HTTP requests :<BR><STRONG><FONT COLOR=#00AF00>X-Citrix-IsUsingHTTPS: Yes</FONT></STRONG></CENTER>]]></Details>
<Time><![CDATA[9/9/2019 - 5:56:24]]></Time>
<TimeTick>1568026584</TimeTick>
<NodeArgs eType="General" icon="6" nRep="61" >
<Disp><![CDATA[Service: Add Auto Header]]></Disp>
</NodeArgs>
</Step>
<Step rID="T58">
<Obj plainTxt="False" ><![CDATA[Service: Add Auto Header]]></Obj>
<Details plainTxt="False" ><![CDATA[<CENTER>Add the following header to all subsequent HTTP requests :<BR><STRONG><FONT COLOR=#00AF00>X-Requested-With: XMLHttpRequest</FONT></STRONG></CENTER>]]></Details>
<Time><![CDATA[9/9/2019 - 5:56:24]]></Time>
<TimeTick>1568026584</TimeTick>
<NodeArgs eType="General" icon="6" nRep="62" >
<Disp><![CDATA[Service: Add Auto Header]]></Disp>
</NodeArgs>
</Step>
<Step rID="T59">
<Obj plainTxt="False" ><![CDATA[Submit Data: LoginAttempt]]></Obj>
<Details plainTxt="False" ><![CDATA[<CENTER><STRONG><FONT COLOR=#009A63>Step completed successfully</FONT></STRONG></CENTER>]]></Details>
<Time><![CDATA[9/9/2019 - 5:56:24]]></Time>
<TimeTick>1568026584</TimeTick>
<NodeArgs eType="General" icon="10" nRep="63" status="Passed" >
<Disp><![CDATA[Submit Data: LoginAttempt]]></Disp>
<BtmPane vType="HTMLSNSH" >
<Path><![CDATA[\Iteration1\t9.inf]]></Path>
</BtmPane>
</NodeArgs>
</Step>
<Step rID="T60">
<Obj plainTxt="False" ><![CDATA[Service: Add Cookie]]></Obj>
<Details plainTxt="False" ><![CDATA[<CENTER>Add the following cookie: <STRONG><FONT COLOR=#00AF00>CtxsPasswordChangeAllowed=true; DOMAIN=storefront.smileco.com</FONT></STRONG></CENTER>]]></Details>
<Time><![CDATA[9/9/2019 - 5:56:24]]></Time>
<TimeTick>1568026584</TimeTick>
<NodeArgs eType="General" icon="9" nRep="64" >
<Disp><![CDATA[Service: Add Cookie]]></Disp>
</NodeArgs>
</Step>
<Step rID="T61">
<Obj plainTxt="False" ><![CDATA[Submit Data: List]]></Obj>
<Details plainTxt="False" ><![CDATA[<CENTER><STRONG><FONT COLOR=#009A63>Step completed successfully</FONT></STRONG></CENTER>]]></Details>
<Time><![CDATA[9/9/2019 - 5:56:24]]></Time>
<TimeTick>1568026584</TimeTick>
<NodeArgs eType="General" icon="10" nRep="65" status="Passed" >
<Disp><![CDATA[Submit Data: List]]></Disp>
<BtmPane vType="HTMLSNSH" >
<Path><![CDATA[\Iteration1\t10.inf]]></Path>
</BtmPane>
</NodeArgs>
</Step>
<Step rID="T62">
<Obj plainTxt="False" ><![CDATA[Custom Request: GetUserName]]></Obj>
<Details plainTxt="False" ><![CDATA[<CENTER><STRONG><FONT COLOR=#009A63>Resource of content type ""DummyContentType"" loaded successfully</FONT></STRONG></CENTER>]]></Details>
<Time><![CDATA[9/9/2019 - 5:56:24]]></Time>
<TimeTick>1568026584</TimeTick>
<NodeArgs eType="General" icon="8" nRep="66" status="Passed" >
<Disp><![CDATA[Custom Request: GetUserName]]></Disp>
</NodeArgs>
</Step>
<Step rID="T63">
<Obj plainTxt="False" ><![CDATA[Custom Request: AllowSelfServiceAccountManagement]]></Obj>
<Details plainTxt="False" ><![CDATA[<CENTER><STRONG><FONT COLOR=#009A63>Step completed successfully</FONT></STRONG></CENTER>]]></Details>
<Time><![CDATA[9/9/2019 - 5:56:24]]></Time>
<TimeTick>1568026584</TimeTick>
<NodeArgs eType="General" icon="8" nRep="67" status="Passed" >
<Disp><![CDATA[Custom Request: AllowSelfServiceAccountManagement]]></Disp>
<BtmPane vType="HTMLSNSH" >
<Path><![CDATA[\Iteration1\t12.inf]]></Path>
</BtmPane>
</NodeArgs>
</Step>
<Step rID="T64">
<Obj plainTxt="False" ><![CDATA[Service: Get Int Property]]></Obj>
<Details plainTxt="False" ><![CDATA[<CENTER>Total request size : <STRONG><FONT COLOR=#00AF00>21010</FONT></STRONG> bytes</CENTER>]]></Details>
<Time><![CDATA[9/9/2019 - 5:56:24]]></Time>
<TimeTick>1568026584</TimeTick>
<NodeArgs eType="General" icon="3" nRep="68" >
<Disp><![CDATA[Service: Get Int Property]]></Disp>
</NodeArgs>
</Step>
<Step rID="T65">
<Obj plainTxt="False" ><![CDATA[Service: Get Int Property]]></Obj>
<Details plainTxt="False" ><![CDATA[<CENTER>Total response size : <STRONG><FONT COLOR=#00AF00>303163</FONT></STRONG> bytes</CENTER>]]></Details>
<Time><![CDATA[9/9/2019 - 5:56:24]]></Time>
<TimeTick>1568026584</TimeTick>
<NodeArgs eType="General" icon="3" nRep="69" >
<Disp><![CDATA[Service: Get Int Property]]></Disp>
</NodeArgs>
</Step>
<Step rID="T66">
<Obj plainTxt="False" ><![CDATA[Service: Get Int Property]]></Obj>
<Details plainTxt="False" ><![CDATA[<CENTER>Total request size : <STRONG><FONT COLOR=#00AF00>21010</FONT></STRONG> bytes</CENTER>]]></Details>
<Time><![CDATA[9/9/2019 - 5:56:54]]></Time>
<TimeTick>1568026614</TimeTick>
<NodeArgs eType="General" icon="3" nRep="70" >
<Disp><![CDATA[Service: Get Int Property]]></Disp>
</NodeArgs>
</Step>
<Step rID="T67">
<Obj plainTxt="False" ><![CDATA[Service: Get Int Property]]></Obj>
<Details plainTxt="False" ><![CDATA[<CENTER>Total response size : <STRONG><FONT COLOR=#00AF00>303163</FONT></STRONG> bytes</CENTER>]]></Details>
<Time><![CDATA[9/9/2019 - 5:56:54]]></Time>
<TimeTick>1568026614</TimeTick>
<NodeArgs eType="General" icon="3" nRep="71" >
<Disp><![CDATA[Service: Get Int Property]]></Disp>
</NodeArgs>
</Step>
<Step rID="T68">
<Obj plainTxt="False" ><![CDATA[Submit Data: {ICA_FILE}]]></Obj>
<Details plainTxt="False" ><![CDATA[<CENTER><STRONG><FONT COLOR=#009A63>Step completed successfully</FONT></STRONG></CENTER>]]></Details>
<Time><![CDATA[9/9/2019 - 5:56:54]]></Time>
<TimeTick>1568026614</TimeTick>
<NodeArgs eType="General" icon="10" nRep="72" status="Passed" >
<Disp><![CDATA[Submit Data: {ICA_FILE}]]></Disp>
<BtmPane vType="HTMLSNSH" >
<Path><![CDATA[\Iteration1\t13.inf]]></Path>
</BtmPane>
</NodeArgs>
</Step>
<Step rID="T69">
<Obj plainTxt="False" ><![CDATA[Service: Get Int Property]]></Obj>
<Details plainTxt="False" ><![CDATA[<CENTER>Total request size : <STRONG><FONT COLOR=#00AF00>22940</FONT></STRONG> bytes</CENTER>]]></Details>
<Time><![CDATA[9/9/2019 - 5:56:57]]></Time>
<TimeTick>1568026617</TimeTick>
<NodeArgs eType="General" icon="3" nRep="73" >
<Disp><![CDATA[Service: Get Int Property]]></Disp>
</NodeArgs>
</Step>
<Step rID="T70">
<Obj plainTxt="False" ><![CDATA[Service: Get Int Property]]></Obj>
<Details plainTxt="False" ><![CDATA[<CENTER>Total response size : <STRONG><FONT COLOR=#00AF00>304653</FONT></STRONG> bytes</CENTER>]]></Details>
<Time><![CDATA[9/9/2019 - 5:56:57]]></Time>
<TimeTick>1568026617</TimeTick>
<NodeArgs eType="General" icon="3" nRep="74" >
<Disp><![CDATA[Service: Get Int Property]]></Disp>
</NodeArgs>
</Step>
<Step rID="T71">
<Obj plainTxt="False" ><![CDATA[Service: Get Int Property]]></Obj>
<Details plainTxt="False" ><![CDATA[<CENTER>Total request size : <STRONG><FONT COLOR=#00AF00>22940</FONT></STRONG> bytes</CENTER>]]></Details>
<Time><![CDATA[9/9/2019 - 5:57:27]]></Time>
<TimeTick>1568026647</TimeTick>
<NodeArgs eType="General" icon="3" nRep="75" >
<Disp><![CDATA[Service: Get Int Property]]></Disp>
</NodeArgs>
</Step>
<Step rID="T72">
<Obj plainTxt="False" ><![CDATA[Service: Get Int Property]]></Obj>
<Details plainTxt="False" ><![CDATA[<CENTER>Total response size : <STRONG><FONT COLOR=#00AF00>304653</FONT></STRONG> bytes</CENTER>]]></Details>
<Time><![CDATA[9/9/2019 - 5:57:27]]></Time>
<TimeTick>1568026647</TimeTick>
<NodeArgs eType="General" icon="3" nRep="76" >
<Disp><![CDATA[Service: Get Int Property]]></Disp>
</NodeArgs>
</Step>
<Step rID="T73">
<Obj plainTxt="False" ><![CDATA[Service: Get Int Property]]></Obj>
<Details plainTxt="False" ><![CDATA[<CENTER>Total request size : <STRONG><FONT COLOR=#00AF00>22940</FONT></STRONG> bytes</CENTER>]]></Details>
<Time><![CDATA[9/9/2019 - 5:57:27]]></Time>
<TimeTick>1568026647</TimeTick>
<NodeArgs eType="General" icon="3" nRep="77" >
<Disp><![CDATA[Service: Get Int Property]]></Disp>
</NodeArgs>
</Step>
<Step rID="T74">
<Obj plainTxt="False" ><![CDATA[Service: Get Int Property]]></Obj>
<Details plainTxt="False" ><![CDATA[<CENTER>Total response size : <STRONG><FONT COLOR=#00AF00>304653</FONT></STRONG> bytes</CENTER>]]></Details>
<Time><![CDATA[9/9/2019 - 5:57:27]]></Time>
<TimeTick>1568026647</TimeTick>
<NodeArgs eType="General" icon="3" nRep="78" >
<Disp><![CDATA[Service: Get Int Property]]></Disp>
</NodeArgs>
</Step>
<Step rID="T75">
<Obj plainTxt="False" ><![CDATA[Service: Get Int Property]]></Obj>
<Details plainTxt="False" ><![CDATA[<CENTER>Total request size : <STRONG><FONT COLOR=#00AF00>22940</FONT></STRONG> bytes</CENTER>]]></Details>
<Time><![CDATA[9/9/2019 - 5:57:57]]></Time>
<TimeTick>1568026677</TimeTick>
<NodeArgs eType="General" icon="3" nRep="79" >
<Disp><![CDATA[Service: Get Int Property]]></Disp>
</NodeArgs>
</Step>
<Step rID="T76">
<Obj plainTxt="False" ><![CDATA[Service: Get Int Property]]></Obj>
<Details plainTxt="False" ><![CDATA[<CENTER>Total response size : <STRONG><FONT COLOR=#00AF00>304653</FONT></STRONG> bytes</CENTER>]]></Details>
<Time><![CDATA[9/9/2019 - 5:57:57]]></Time>
<TimeTick>1568026677</TimeTick>
<NodeArgs eType="General" icon="3" nRep="80" >
<Disp><![CDATA[Service: Get Int Property]]></Disp>
</NodeArgs>
</Step>
<Step rID="T77">
<Obj plainTxt="False" ><![CDATA[Service: Get Int Property]]></Obj>
<Details plainTxt="False" ><![CDATA[<CENTER>Total request size : <STRONG><FONT COLOR=#00AF00>22940</FONT></STRONG> bytes</CENTER>]]></Details>
<Time><![CDATA[9/9/2019 - 5:57:58]]></Time>
<TimeTick>1568026678</TimeTick>
<NodeArgs eType="General" icon="3" nRep="81" >
<Disp><![CDATA[Service: Get Int Property]]></Disp>
</NodeArgs>
</Step>
<Step rID="T78">
<Obj plainTxt="False" ><![CDATA[Service: Get Int Property]]></Obj>
<Details plainTxt="False" ><![CDATA[<CENTER>Total response size : <STRONG><FONT COLOR=#00AF00>304653</FONT></STRONG> bytes</CENTER>]]></Details>
<Time><![CDATA[9/9/2019 - 5:57:58]]></Time>
<TimeTick>1568026678</TimeTick>
<NodeArgs eType="General" icon="3" nRep="82" >
<Disp><![CDATA[Service: Get Int Property]]></Disp>
</NodeArgs>
</Step>
<Summary sTime="9/9/2019 - 5:56:11" eTime="9/9/2019 - 5:57:58" passed="12" failed="0" warnings="0" ></Summary>
<NodeArgs eType="StartAction" icon="2" nRep="37" status="Passed" >
<Disp><![CDATA[Login Summary]]></Disp>
</NodeArgs>
</Action>
<Action rID="T79">
<AName><![CDATA[Action]]></AName>
<Step rID="T80">
<Obj plainTxt="False" ><![CDATA[Service: Get Int Property]]></Obj>
<Details plainTxt="False" ><![CDATA[<CENTER>Total request size : <STRONG><FONT COLOR=#00AF00>22940</FONT></STRONG> bytes</CENTER>]]></Details>
<Time><![CDATA[9/9/2019 - 5:58:28]]></Time>
<TimeTick>1568026708</TimeTick>
<NodeArgs eType="General" icon="3" nRep="85" >
<Disp><![CDATA[Service: Get Int Property]]></Disp>
</NodeArgs>
</Step>
<Step rID="T81">
<Obj plainTxt="False" ><![CDATA[Service: Get Int Property]]></Obj>
<Details plainTxt="False" ><![CDATA[<CENTER>Total response size : <STRONG><FONT COLOR=#00AF00>304653</FONT></STRONG> bytes</CENTER>]]></Details>
<Time><![CDATA[9/9/2019 - 5:58:28]]></Time>
<TimeTick>1568026708</TimeTick>
<NodeArgs eType="General" icon="3" nRep="86" >
<Disp><![CDATA[Service: Get Int Property]]></Disp>
</NodeArgs>
</Step>
<Step rID="T82">
<Obj plainTxt="False" ><![CDATA[Service: Get Int Property]]></Obj>
<Details plainTxt="False" ><![CDATA[<CENTER>Total request size : <STRONG><FONT COLOR=#00AF00>22940</FONT></STRONG> bytes</CENTER>]]></Details>
<Time><![CDATA[9/9/2019 - 5:58:28]]></Time>
<TimeTick>1568026708</TimeTick>
<NodeArgs eType="General" icon="3" nRep="87" >
<Disp><![CDATA[Service: Get Int Property]]></Disp>
</NodeArgs>
</Step>
<Step rID="T83">
<Obj plainTxt="False" ><![CDATA[Service: Get Int Property]]></Obj>
<Details plainTxt="False" ><![CDATA[<CENTER>Total response size : <STRONG><FONT COLOR=#00AF00>304653</FONT></STRONG> bytes</CENTER>]]></Details>
<Time><![CDATA[9/9/2019 - 5:58:28]]></Time>
<TimeTick>1568026708</TimeTick>
<NodeArgs eType="General" icon="3" nRep="88" >
<Disp><![CDATA[Service: Get Int Property]]></Disp>
</NodeArgs>
</Step>
<Step rID="T84">
<Obj plainTxt="False" ><![CDATA[Service: Get Int Property]]></Obj>
<Details plainTxt="False" ><![CDATA[<CENTER>Total request size : <STRONG><FONT COLOR=#00AF00>22940</FONT></STRONG> bytes</CENTER>]]></Details>
<Time><![CDATA[9/9/2019 - 5:58:58]]></Time>
<TimeTick>1568026738</TimeTick>
<NodeArgs eType="General" icon="3" nRep="89" >
<Disp><![CDATA[Service: Get Int Property]]></Disp>
</NodeArgs>
</Step>
<Step rID="T85">
<Obj plainTxt="False" ><![CDATA[Service: Get Int Property]]></Obj>
<Details plainTxt="False" ><![CDATA[<CENTER>Total response size : <STRONG><FONT COLOR=#00AF00>304653</FONT></STRONG> bytes</CENTER>]]></Details>
<Time><![CDATA[9/9/2019 - 5:58:58]]></Time>
<TimeTick>1568026738</TimeTick>
<NodeArgs eType="General" icon="3" nRep="90" >
<Disp><![CDATA[Service: Get Int Property]]></Disp>
</NodeArgs>
</Step>
<Step rID="T86">
<Obj plainTxt="False" ><![CDATA[Service: Get Int Property]]></Obj>
<Details plainTxt="False" ><![CDATA[<CENTER>Total request size : <STRONG><FONT COLOR=#00AF00>22940</FONT></STRONG> bytes</CENTER>]]></Details>
<Time><![CDATA[9/9/2019 - 5:59:01]]></Time>
<TimeTick>1568026741</TimeTick>
<NodeArgs eType="General" icon="3" nRep="91" >
<Disp><![CDATA[Service: Get Int Property]]></Disp>
</NodeArgs>
</Step>
<Step rID="T87">
<Obj plainTxt="False" ><![CDATA[Service: Get Int Property]]></Obj>
<Details plainTxt="False" ><![CDATA[<CENTER>Total response size : <STRONG><FONT COLOR=#00AF00>304653</FONT></STRONG> bytes</CENTER>]]></Details>
<Time><![CDATA[9/9/2019 - 5:59:01]]></Time>
<TimeTick>1568026741</TimeTick>
<NodeArgs eType="General" icon="3" nRep="92" >
<Disp><![CDATA[Service: Get Int Property]]></Disp>
</NodeArgs>
</Step>
<Step rID="T88">
<Obj plainTxt="False" ><![CDATA[Service: Get Int Property]]></Obj>
<Details plainTxt="False" ><![CDATA[<CENTER>Total request size : <STRONG><FONT COLOR=#00AF00>22940</FONT></STRONG> bytes</CENTER>]]></Details>
<Time><![CDATA[9/9/2019 - 5:59:31]]></Time>
<TimeTick>1568026771</TimeTick>
<NodeArgs eType="General" icon="3" nRep="93" >
<Disp><![CDATA[Service: Get Int Property]]></Disp>
</NodeArgs>
</Step>
<Step rID="T89">
<Obj plainTxt="False" ><![CDATA[Service: Get Int Property]]></Obj>
<Details plainTxt="False" ><![CDATA[<CENTER>Total response size : <STRONG><FONT COLOR=#00AF00>304653</FONT></STRONG> bytes</CENTER>]]></Details>
<Time><![CDATA[9/9/2019 - 5:59:31]]></Time>
<TimeTick>1568026771</TimeTick>
<NodeArgs eType="General" icon="3" nRep="94" >
<Disp><![CDATA[Service: Get Int Property]]></Disp>
</NodeArgs>
</Step>
<Step rID="T90">
<Obj plainTxt="False" ><![CDATA[Service: Get Int Property]]></Obj>
<Details plainTxt="False" ><![CDATA[<CENTER>Total request size : <STRONG><FONT COLOR=#00AF00>22940</FONT></STRONG> bytes</CENTER>]]></Details>
<Time><![CDATA[9/9/2019 - 5:59:31]]></Time>
<TimeTick>1568026771</TimeTick>
<NodeArgs eType="General" icon="3" nRep="95" >
<Disp><![CDATA[Service: Get Int Property]]></Disp>
</NodeArgs>
</Step>
<Step rID="T91">
<Obj plainTxt="False" ><![CDATA[Service: Get Int Property]]></Obj>
<Details plainTxt="False" ><![CDATA[<CENTER>Total response size : <STRONG><FONT COLOR=#00AF00>304653</FONT></STRONG> bytes</CENTER>]]></Details>
<Time><![CDATA[9/9/2019 - 5:59:31]]></Time>
<TimeTick>1568026771</TimeTick>
<NodeArgs eType="General" icon="3" nRep="96" >
<Disp><![CDATA[Service: Get Int Property]]></Disp>
</NodeArgs>
</Step>
<Step rID="T92">
<Obj plainTxt="False" ><![CDATA[Service: Get Int Property]]></Obj>
<Details plainTxt="False" ><![CDATA[<CENTER>Total request size : <STRONG><FONT COLOR=#00AF00>22940</FONT></STRONG> bytes</CENTER>]]></Details>
<Time><![CDATA[9/9/2019 - 6:00:01]]></Time>
<TimeTick>1568026801</TimeTick>
<NodeArgs eType="General" icon="3" nRep="97" >
<Disp><![CDATA[Service: Get Int Property]]></Disp>
</NodeArgs>
</Step>
<Step rID="T93">
<Obj plainTxt="False" ><![CDATA[Service: Get Int Property]]></Obj>
<Details plainTxt="False" ><![CDATA[<CENTER>Total response size : <STRONG><FONT COLOR=#00AF00>304653</FONT></STRONG> bytes</CENTER>]]></Details>
<Time><![CDATA[9/9/2019 - 6:00:01]]></Time>
<TimeTick>1568026801</TimeTick>
<NodeArgs eType="General" icon="3" nRep="98" >
<Disp><![CDATA[Service: Get Int Property]]></Disp>
</NodeArgs>
</Step>
<Step rID="T94">
<Obj plainTxt="False" ><![CDATA[Service: Get Int Property]]></Obj>
<Details plainTxt="False" ><![CDATA[<CENTER>Total request size : <STRONG><FONT COLOR=#00AF00>22940</FONT></STRONG> bytes</CENTER>]]></Details>
<Time><![CDATA[9/9/2019 - 6:00:02]]></Time>
<TimeTick>1568026802</TimeTick>
<NodeArgs eType="General" icon="3" nRep="99" >
<Disp><![CDATA[Service: Get Int Property]]></Disp>
</NodeArgs>
</Step>
<Step rID="T95">
<Obj plainTxt="False" ><![CDATA[Service: Get Int Property]]></Obj>
<Details plainTxt="False" ><![CDATA[<CENTER>Total response size : <STRONG><FONT COLOR=#00AF00>304653</FONT></STRONG> bytes</CENTER>]]></Details>
<Time><![CDATA[9/9/2019 - 6:00:02]]></Time>
<TimeTick>1568026802</TimeTick>
<NodeArgs eType="General" icon="3" nRep="100" >
<Disp><![CDATA[Service: Get Int Property]]></Disp>
</NodeArgs>
</Step>
<Step rID="T96">
<Obj plainTxt="False" ><![CDATA[Service: Get Int Property]]></Obj>
<Details plainTxt="False" ><![CDATA[<CENTER>Total request size : <STRONG><FONT COLOR=#00AF00>22940</FONT></STRONG> bytes</CENTER>]]></Details>
<Time><![CDATA[9/9/2019 - 6:00:32]]></Time>
<TimeTick>1568026832</TimeTick>
<NodeArgs eType="General" icon="3" nRep="101" >
<Disp><![CDATA[Service: Get Int Property]]></Disp>
</NodeArgs>
</Step>
<Step rID="T97">
<Obj plainTxt="False" ><![CDATA[Service: Get Int Property]]></Obj>
<Details plainTxt="False" ><![CDATA[<CENTER>Total response size : <STRONG><FONT COLOR=#00AF00>304653</FONT></STRONG> bytes</CENTER>]]></Details>
<Time><![CDATA[9/9/2019 - 6:00:32]]></Time>
<TimeTick>1568026832</TimeTick>
<NodeArgs eType="General" icon="3" nRep="102" >
<Disp><![CDATA[Service: Get Int Property]]></Disp>
</NodeArgs>
</Step>
<Step rID="T98">
<Obj plainTxt="False" ><![CDATA[Service: Get Int Property]]></Obj>
<Details plainTxt="False" ><![CDATA[<CENTER>Total request size : <STRONG><FONT COLOR=#00AF00>22940</FONT></STRONG> bytes</CENTER>]]></Details>
<Time><![CDATA[9/9/2019 - 6:00:35]]></Time>
<TimeTick>1568026835</TimeTick>
<NodeArgs eType="General" icon="3" nRep="103" >
<Disp><![CDATA[Service: Get Int Property]]></Disp>
</NodeArgs>
</Step>
<Step rID="T99">
<Obj plainTxt="False" ><![CDATA[Service: Get Int Property]]></Obj>
<Details plainTxt="False" ><![CDATA[<CENTER>Total response size : <STRONG><FONT COLOR=#00AF00>304653</FONT></STRONG> bytes</CENTER>]]></Details>
<Time><![CDATA[9/9/2019 - 6:00:35]]></Time>
<TimeTick>1568026835</TimeTick>
<NodeArgs eType="General" icon="3" nRep="104" >
<Disp><![CDATA[Service: Get Int Property]]></Disp>
</NodeArgs>
</Step>
<Step rID="T100">
<Obj plainTxt="False" ><![CDATA[Service: Get Int Property]]></Obj>
<Details plainTxt="False" ><![CDATA[<CENTER>Total request size : <STRONG><FONT COLOR=#00AF00>22940</FONT></STRONG> bytes</CENTER>]]></Details>
<Time><![CDATA[9/9/2019 - 6:01:05]]></Time>
<TimeTick>1568026865</TimeTick>
<NodeArgs eType="General" icon="3" nRep="105" >
<Disp><![CDATA[Service: Get Int Property]]></Disp>
</NodeArgs>
</Step>
<Step rID="T101">
<Obj plainTxt="False" ><![CDATA[Service: Get Int Property]]></Obj>
<Details plainTxt="False" ><![CDATA[<CENTER>Total response size : <STRONG><FONT COLOR=#00AF00>304653</FONT></STRONG> bytes</CENTER>]]></Details>
<Time><![CDATA[9/9/2019 - 6:01:05]]></Time>
<TimeTick>1568026865</TimeTick>
<NodeArgs eType="General" icon="3" nRep="106" >
<Disp><![CDATA[Service: Get Int Property]]></Disp>
</NodeArgs>
</Step>
<Step rID="T102">
<Obj plainTxt="False" ><![CDATA[Service: Get Int Property]]></Obj>
<Details plainTxt="False" ><![CDATA[<CENTER>Total request size : <STRONG><FONT COLOR=#00AF00>22940</FONT></STRONG> bytes</CENTER>]]></Details>
<Time><![CDATA[9/9/2019 - 6:01:05]]></Time>
<TimeTick>1568026865</TimeTick>
<NodeArgs eType="General" icon="3" nRep="107" >
<Disp><![CDATA[Service: Get Int Property]]></Disp>
</NodeArgs>
</Step>
<Step rID="T103">
<Obj plainTxt="False" ><![CDATA[Service: Get Int Property]]></Obj>
<Details plainTxt="False" ><![CDATA[<CENTER>Total response size : <STRONG><FONT COLOR=#00AF00>304653</FONT></STRONG> bytes</CENTER>]]></Details>
<Time><![CDATA[9/9/2019 - 6:01:05]]></Time>
<TimeTick>1568026865</TimeTick>
<NodeArgs eType="General" icon="3" nRep="108" >
<Disp><![CDATA[Service: Get Int Property]]></Disp>
</NodeArgs>
</Step>
<Step rID="T104">
<Obj plainTxt="False" ><![CDATA[Service: Get Int Property]]></Obj>
<Details plainTxt="False" ><![CDATA[<CENTER>Total request size : <STRONG><FONT COLOR=#00AF00>22940</FONT></STRONG> bytes</CENTER>]]></Details>
<Time><![CDATA[9/9/2019 - 6:01:35]]></Time>
<TimeTick>1568026895</TimeTick>
<NodeArgs eType="General" icon="3" nRep="109" >
<Disp><![CDATA[Service: Get Int Property]]></Disp>
</NodeArgs>
</Step>
<Step rID="T105">
<Obj plainTxt="False" ><![CDATA[Service: Get Int Property]]></Obj>
<Details plainTxt="False" ><![CDATA[<CENTER>Total response size : <STRONG><FONT COLOR=#00AF00>304653</FONT></STRONG> bytes</CENTER>]]></Details>
<Time><![CDATA[9/9/2019 - 6:01:35]]></Time>
<TimeTick>1568026895</TimeTick>
<NodeArgs eType="General" icon="3" nRep="110" >
<Disp><![CDATA[Service: Get Int Property]]></Disp>
</NodeArgs>
</Step>
<Step rID="T106">
<Obj plainTxt="False" ><![CDATA[Service: Get Int Property]]></Obj>
<Details plainTxt="False" ><![CDATA[<CENTER>Total request size : <STRONG><FONT COLOR=#00AF00>22940</FONT></STRONG> bytes</CENTER>]]></Details>
<Time><![CDATA[9/9/2019 - 6:01:35]]></Time>
<TimeTick>1568026895</TimeTick>
<NodeArgs eType="General" icon="3" nRep="111" >
<Disp><![CDATA[Service: Get Int Property]]></Disp>
</NodeArgs>
</Step>
<Step rID="T107">
<Obj plainTxt="False" ><![CDATA[Service: Get Int Property]]></Obj>
<Details plainTxt="False" ><![CDATA[<CENTER>Total response size : <STRONG><FONT COLOR=#00AF00>304653</FONT></STRONG> bytes</CENTER>]]></Details>
<Time><![CDATA[9/9/2019 - 6:01:35]]></Time>
<TimeTick>1568026895</TimeTick>
<NodeArgs eType="General" icon="3" nRep="112" >
<Disp><![CDATA[Service: Get Int Property]]></Disp>
</NodeArgs>
</Step>
<Step rID="T108">
<Obj plainTxt="False" ><![CDATA[Service: Get Int Property]]></Obj>
<Details plainTxt="False" ><![CDATA[<CENTER>Total request size : <STRONG><FONT COLOR=#00AF00>22940</FONT></STRONG> bytes</CENTER>]]></Details>
<Time><![CDATA[9/9/2019 - 6:02:06]]></Time>
<TimeTick>1568026926</TimeTick>
<NodeArgs eType="General" icon="3" nRep="113" >
<Disp><![CDATA[Service: Get Int Property]]></Disp>
</NodeArgs>
</Step>
<Step rID="T109">
<Obj plainTxt="False" ><![CDATA[Service: Get Int Property]]></Obj>
<Details plainTxt="False" ><![CDATA[<CENTER>Total response size : <STRONG><FONT COLOR=#00AF00>304653</FONT></STRONG> bytes</CENTER>]]></Details>
<Time><![CDATA[9/9/2019 - 6:02:06]]></Time>
<TimeTick>1568026926</TimeTick>
<NodeArgs eType="General" icon="3" nRep="114" >
<Disp><![CDATA[Service: Get Int Property]]></Disp>
</NodeArgs>
</Step>
<Step rID="T110">
<Obj plainTxt="False" ><![CDATA[Service: Get Int Property]]></Obj>
<Details plainTxt="False" ><![CDATA[<CENTER>Total request size : <STRONG><FONT COLOR=#00AF00>22940</FONT></STRONG> bytes</CENTER>]]></Details>
<Time><![CDATA[9/9/2019 - 6:02:08]]></Time>
<TimeTick>1568026928</TimeTick>
<NodeArgs eType="General" icon="3" nRep="115" >
<Disp><![CDATA[Service: Get Int Property]]></Disp>
</NodeArgs>
</Step>
<Step rID="T111">
<Obj plainTxt="False" ><![CDATA[Service: Get Int Property]]></Obj>
<Details plainTxt="False" ><![CDATA[<CENTER>Total response size : <STRONG><FONT COLOR=#00AF00>304653</FONT></STRONG> bytes</CENTER>]]></Details>
<Time><![CDATA[9/9/2019 - 6:02:08]]></Time>
<TimeTick>1568026928</TimeTick>
<NodeArgs eType="General" icon="3" nRep="116" >
<Disp><![CDATA[Service: Get Int Property]]></Disp>
</NodeArgs>
</Step>
<Summary sTime="9/9/2019 - 5:57:58" eTime="9/9/2019 - 6:02:08" passed="0" failed="0" warnings="0" ></Summary>
<NodeArgs eType="StartAction" icon="2" nRep="84" >
<Disp><![CDATA[Action Summary]]></Disp>
</NodeArgs>
</Action>
<NodeArgs eType="StartIteration" icon="4" nRep="36" status="Passed" >
<Disp><![CDATA[CitrixICA_SearchPatient_v2 Iteration 1 (Row 1)]]></Disp>
</NodeArgs>
</DIter>
<Action rID="T112">
<AName><![CDATA[vuser_end]]></AName>
<Step rID="T113">
<Obj plainTxt="False" ><![CDATA[Service: Get Int Property]]></Obj>
<Details plainTxt="False" ><![CDATA[<CENTER>Total request size : <STRONG><FONT COLOR=#00AF00>22940</FONT></STRONG> bytes</CENTER>]]></Details>
<Time><![CDATA[9/9/2019 - 6:02:38]]></Time>
<TimeTick>1568026958</TimeTick>
<NodeArgs eType="General" icon="3" nRep="120" >
<Disp><![CDATA[Service: Get Int Property]]></Disp>
</NodeArgs>
</Step>
<Step rID="T114">
<Obj plainTxt="False" ><![CDATA[Service: Get Int Property]]></Obj>
<Details plainTxt="False" ><![CDATA[<CENTER>Total response size : <STRONG><FONT COLOR=#00AF00>304653</FONT></STRONG> bytes</CENTER>]]></Details>
<Time><![CDATA[9/9/2019 - 6:02:38]]></Time>
<TimeTick>1568026958</TimeTick>
<NodeArgs eType="General" icon="3" nRep="121" >
<Disp><![CDATA[Service: Get Int Property]]></Disp>
</NodeArgs>
</Step>
<Step rID="T115">
<Obj plainTxt="False" ><![CDATA[Service: Get Int Property]]></Obj>
<Details plainTxt="False" ><![CDATA[<CENTER>Total request size : <STRONG><FONT COLOR=#00AF00>22940</FONT></STRONG> bytes</CENTER>]]></Details>
<Time><![CDATA[9/9/2019 - 6:02:39]]></Time>
<TimeTick>1568026959</TimeTick>
<NodeArgs eType="General" icon="3" nRep="122" >
<Disp><![CDATA[Service: Get Int Property]]></Disp>
</NodeArgs>
</Step>
<Step rID="T116">
<Obj plainTxt="False" ><![CDATA[Service: Get Int Property]]></Obj>
<Details plainTxt="False" ><![CDATA[<CENTER>Total response size : <STRONG><FONT COLOR=#00AF00>304653</FONT></STRONG> bytes</CENTER>]]></Details>
<Time><![CDATA[9/9/2019 - 6:02:39]]></Time>
<TimeTick>1568026959</TimeTick>
<NodeArgs eType="General" icon="3" nRep="123" >
<Disp><![CDATA[Service: Get Int Property]]></Disp>
</NodeArgs>
</Step>
<Step rID="T117">
<Obj plainTxt="False" ><![CDATA[Service: Get Int Property]]></Obj>
<Details plainTxt="False" ><![CDATA[<CENTER>Total request size : <STRONG><FONT COLOR=#00AF00>22940</FONT></STRONG> bytes</CENTER>]]></Details>
<Time><![CDATA[9/9/2019 - 6:03:09]]></Time>
<TimeTick>1568026989</TimeTick>
<NodeArgs eType="General" icon="3" nRep="124" >
<Disp><![CDATA[Service: Get Int Property]]></Disp>
</NodeArgs>
</Step>
<Step rID="T118">
<Obj plainTxt="False" ><![CDATA[Service: Get Int Property]]></Obj>
<Details plainTxt="False" ><![CDATA[<CENTER>Total response size : <STRONG><FONT COLOR=#00AF00>304653</FONT></STRONG> bytes</CENTER>]]></Details>
<Time><![CDATA[9/9/2019 - 6:03:09]]></Time>
<TimeTick>1568026989</TimeTick>
<NodeArgs eType="General" icon="3" nRep="125" >
<Disp><![CDATA[Service: Get Int Property]]></Disp>
</NodeArgs>
</Step>
<Step rID="T119">
<Obj plainTxt="False" ><![CDATA[Service: Get Int Property]]></Obj>
<Details plainTxt="False" ><![CDATA[<CENTER>Total request size : <STRONG><FONT COLOR=#00AF00>22940</FONT></STRONG> bytes</CENTER>]]></Details>
<Time><![CDATA[9/9/2019 - 6:03:12]]></Time>
<TimeTick>1568026992</TimeTick>
<NodeArgs eType="General" icon="3" nRep="126" >
<Disp><![CDATA[Service: Get Int Property]]></Disp>
</NodeArgs>
</Step>
<Step rID="T120">
<Obj plainTxt="False" ><![CDATA[Service: Get Int Property]]></Obj>
<Details plainTxt="False" ><![CDATA[<CENTER>Total response size : <STRONG><FONT COLOR=#00AF00>304653</FONT></STRONG> bytes</CENTER>]]></Details>
<Time><![CDATA[9/9/2019 - 6:03:12]]></Time>
<TimeTick>1568026992</TimeTick>
<NodeArgs eType="General" icon="3" nRep="127" >
<Disp><![CDATA[Service: Get Int Property]]></Disp>
</NodeArgs>
</Step>
<Step rID="T121">
<Obj plainTxt="False" ><![CDATA[Service: Get Int Property]]></Obj>
<Details plainTxt="False" ><![CDATA[<CENTER>Total request size : <STRONG><FONT COLOR=#00AF00>22940</FONT></STRONG> bytes</CENTER>]]></Details>
<Time><![CDATA[9/9/2019 - 6:03:12]]></Time>
<TimeTick>1568026992</TimeTick>
<NodeArgs eType="General" icon="3" nRep="128" >
<Disp><![CDATA[Service: Get Int Property]]></Disp>
</NodeArgs>
</Step>
<Step rID="T122">
<Obj plainTxt="False" ><![CDATA[Service: Get Int Property]]></Obj>
<Details plainTxt="False" ><![CDATA[<CENTER>Total response size : <STRONG><FONT COLOR=#00AF00>304653</FONT></STRONG> bytes</CENTER>]]></Details>
<Time><![CDATA[9/9/2019 - 6:03:12]]></Time>
<TimeTick>1568026992</TimeTick>
<NodeArgs eType="General" icon="3" nRep="129" >
<Disp><![CDATA[Service: Get Int Property]]></Disp>
</NodeArgs>
</Step>
<Step rID="T123">
<Obj plainTxt="False" ><![CDATA[Service: Add Cookie]]></Obj>
<Details plainTxt="False" ><![CDATA[<CENTER>Add the following cookie: <STRONG><FONT COLOR=#00AF00>CtxsDesktopAutoLaunchDone=no; DOMAIN=storefront.smileco.com</FONT></STRONG></CENTER>]]></Details>
<Time><![CDATA[9/9/2019 - 6:03:12]]></Time>
<TimeTick>1568026992</TimeTick>
<NodeArgs eType="General" icon="9" nRep="130" >
<Disp><![CDATA[Service: Add Cookie]]></Disp>
</NodeArgs>
</Step>
<Step rID="T124">
<Obj plainTxt="False" ><![CDATA[Custom Request: Disconnect]]></Obj>
<Details plainTxt="False" ><![CDATA[<CENTER><STRONG><FONT COLOR=#009A63>Step completed successfully</FONT></STRONG></CENTER>]]></Details>
<Time><![CDATA[9/9/2019 - 6:03:13]]></Time>
<TimeTick>1568026993</TimeTick>
<NodeArgs eType="General" icon="8" nRep="131" status="Passed" >
<Disp><![CDATA[Custom Request: Disconnect]]></Disp>
<BtmPane vType="HTMLSNSH" >
<Path><![CDATA[\Iteration1\t14.inf]]></Path>
</BtmPane>
</NodeArgs>
</Step>
<Step rID="T125">
<Obj plainTxt="False" ><![CDATA[Service: Get Int Property]]></Obj>
<Details plainTxt="False" ><![CDATA[<CENTER>Total request size : <STRONG><FONT COLOR=#00AF00>23794</FONT></STRONG> bytes</CENTER>]]></Details>
<Time><![CDATA[9/9/2019 - 6:03:13]]></Time>
<TimeTick>1568026993</TimeTick>
<NodeArgs eType="General" icon="3" nRep="132" >
<Disp><![CDATA[Service: Get Int Property]]></Disp>
</NodeArgs>
</Step>
<Step rID="T126">
<Obj plainTxt="False" ><![CDATA[Service: Get Int Property]]></Obj>
<Details plainTxt="False" ><![CDATA[<CENTER>Total response size : <STRONG><FONT COLOR=#00AF00>304982</FONT></STRONG> bytes</CENTER>]]></Details>
<Time><![CDATA[9/9/2019 - 6:03:13]]></Time>
<TimeTick>1568026993</TimeTick>
<NodeArgs eType="General" icon="3" nRep="133" >
<Disp><![CDATA[Service: Get Int Property]]></Disp>
</NodeArgs>
</Step>
<Step rID="T127">
<Obj plainTxt="False" ><![CDATA[Service: Get Int Property]]></Obj>
<Details plainTxt="False" ><![CDATA[<CENTER>Total request size : <STRONG><FONT COLOR=#00AF00>23794</FONT></STRONG> bytes</CENTER>]]></Details>
<Time><![CDATA[9/9/2019 - 6:03:13]]></Time>
<TimeTick>1568026993</TimeTick>
<NodeArgs eType="General" icon="3" nRep="134" >
<Disp><![CDATA[Service: Get Int Property]]></Disp>
</NodeArgs>
</Step>
<Step rID="T128">
<Obj plainTxt="False" ><![CDATA[Service: Get Int Property]]></Obj>
<Details plainTxt="False" ><![CDATA[<CENTER>Total response size : <STRONG><FONT COLOR=#00AF00>304982</FONT></STRONG> bytes</CENTER>]]></Details>
<Time><![CDATA[9/9/2019 - 6:03:13]]></Time>
<TimeTick>1568026993</TimeTick>
<NodeArgs eType="General" icon="3" nRep="135" >
<Disp><![CDATA[Service: Get Int Property]]></Disp>
</NodeArgs>
</Step>
<Summary sTime="9/9/2019 - 6:02:08" eTime="9/9/2019 - 6:03:13" passed="1" failed="0" warnings="0" ></Summary>
<NodeArgs eType="StartAction" icon="2" nRep="119" status="Passed" >
<Disp><![CDATA[vuser_end Summary]]></Disp>
</NodeArgs>
</Action>
<Summary sTime="9/9/2019 - 5:56:10" eTime="9/9/2019 - 6:03:13" passed="13" failed="0" warnings="0" ></Summary>
<NodeArgs eType="StartTest" icon="1" nRep="4" status="Passed" >
<Disp><![CDATA[Test CitrixICA_SearchPatient_v2 Summary]]></Disp>
</NodeArgs>
</Doc>
</Report>