[
    {
        "stepId": "STEP1",
        "stepName": "Url: SmileDirectClubWeb",
        "infFile": "t1.inf",
        "time": 1569848338680
    },
    {
        "stepId": "STEP2",
        "stepName": "Custom Request: Configuration",
        "infFile": "t3.inf",
        "time": 1569848339005
    },
    {
        "stepId": "STEP3",
        "stepName": "Custom Request: GetDetectionTicket",
        "infFile": "t4.inf",
        "time": 1569848339330
    },
    {
        "stepId": "STEP4",
        "stepName": "Custom Request: GetDetectionStatus",
        "infFile": "t5.inf",
        "time": 1569848339627
    },
    {
        "stepId": "STEP5",
        "stepName": "Custom Request: GetDetectionStatus_2",
        "infFile": "t6.inf",
        "time": 1569848339931
    },
    {
        "stepId": "STEP6",
        "stepName": "Submit Data: List",
        "infFile": "t7.inf",
        "time": 1569848340318
    },
    {
        "stepId": "STEP7",
        "stepName": "Custom Request: GetAuthMethods",
        "infFile": "t8.inf",
        "time": 1569848340622
    },
    {
        "stepId": "STEP8",
        "stepName": "Submit Data: LoginAttempt",
        "infFile": "t10.inf",
        "time": 1569848341629
    },
    {
        "stepId": "STEP9",
        "stepName": "Custom Request: reportDetectionStatus",
        "infFile": "t11.inf",
        "time": 1569848341964
    },
    {
        "stepId": "STEP10",
        "stepName": "Submit Data: List_2",
        "infFile": "t12.inf",
        "time": 1569848342636
    },
    {
        "stepId": "STEP11",
        "stepName": "Custom Request: AllowSelfServiceAccountManagement",
        "infFile": "t14.inf",
        "time": 1569848343261
    },
    {
        "stepId": "STEP12",
        "stepName": "Submit Data: {ICA_FILE}",
        "infFile": "t15.inf",
        "time": 1569848388760
    },
    {
        "stepId": "STEP13",
        "stepName": "Custom Request: Disconnect",
        "infFile": "t16.inf",
        "time": 1569849434210
    }
]