[
    {
        "transactionName": "CAD_00_Portal_URL",
        "rawStartTime": 1569848333017,
        "rawEndTime": 1569848343263
    },
    {
        "transactionName": "CAD SLA KPI Transaction",
        "rawStartTime": 1569848333016,
        "rawEndTime": 1569848343272
    },
    {
        "transactionName": "CAD_BP3_01_CLick_ICA",
        "rawStartTime": 1569848388277,
        "rawEndTime": 1569848391923
    },
    {
        "transactionName": "CAD_BP3_02_Open_ICA",
        "rawStartTime": 1569848421927,
        "rawEndTime": 1569848421931
    },
    {
        "transactionName": "CAD_BP3_03_Open_CAD_App",
        "rawStartTime": 1569848466936,
        "rawEndTime": 1569848467408
    },
    {
        "transactionName": "CAD_BP3_04_Click_Patient",
        "rawStartTime": 1569848497415,
        "rawEndTime": 1569848497973
    },
    {
        "transactionName": "CAD_BP3_05_Create_Patient",
        "rawStartTime": 1569848507978,
        "rawEndTime": 1569848508552
    },
    {
        "transactionName": "CAD_BP3_06_Patient_Details",
        "rawStartTime": 1569848508554,
        "rawEndTime": 1569848524614
    },
    {
        "transactionName": "CAD_BP3_07_Import_STLFiles",
        "rawStartTime": 1569848554619,
        "rawEndTime": 1569848559813
    },
    {
        "transactionName": "CAD_BP3_08_LoadSTLFiles",
        "rawStartTime": 1569848574818,
        "rawEndTime": 1569848575378
    },
    {
        "transactionName": "CAD_BP3_09_Open_Impressions",
        "rawStartTime": 1569848635383,
        "rawEndTime": 1569848635942
    },
    {
        "transactionName": "CAD_BP3_10_Step_1",
        "rawStartTime": 1569848680948,
        "rawEndTime": 1569848681916
    },
    {
        "transactionName": "CAD_BP3_11_Step_2",
        "rawStartTime": 1569848711922,
        "rawEndTime": 1569848880458
    },
    {
        "transactionName": "CAD_BP3_12_Step_3",
        "rawStartTime": 1569848940464,
        "rawEndTime": 1569849097389
    },
    {
        "transactionName": "CAD_BP3_13_Step_4",
        "rawStartTime": 1569849127394,
        "rawEndTime": 1569849127829
    },
    {
        "transactionName": "CAD_BP3_14_Export_STL",
        "rawStartTime": 1569849187833,
        "rawEndTime": 1569849201114
    },
    {
        "transactionName": "CAD_BP3_15_Home",
        "rawStartTime": 1569849381119,
        "rawEndTime": 1569849381538
    },
    {
        "transactionName": "CAD_BP3_16_Close_CAD_App",
        "rawStartTime": 1569849396542,
        "rawEndTime": 1569849397511
    },
    {
        "transactionName": "CAD_BP3_17_Close_Citrix_Server",
        "rawStartTime": 1569849397513,
        "rawEndTime": 1569849402647
    },
    {
        "transactionName": "CAD SLA KPI Transaction",
        "rawStartTime": 1569849432664,
        "rawEndTime": 1569849434218
    },
    {
        "transactionName": "CAD_02_Logout",
        "rawStartTime": 1569849432666,
        "rawEndTime": 1569849434219
    }
]