<clientSettings xmlns='http://citrix.com/delivery-services/webAPI/2-6/clientConfig'><session timeout="20" userLanguages="en-US,en;q=0.9" /><authManager getUsernameURL="Authentication/GetUserName" logoffURL="Authentication/Logoff" changeCredentialsURL="ExplicitAuth/GetChangeCredentialForm" loginFormTimeout="5" webviewReturnURL="ExplicitAuth/Bounce" webviewResumeURL="ExplicitAuth/ResumeForms" allowSelfServiceAccountManagementURL="ExplicitAuth/AllowSelfServiceAccountManagement" /><storeProxy keepAliveURL="Home/KeepAlive"><resourcesProxy listURL="Resources/List" resourceDetails="default" /><sessionsProxy listAvailableURL="Sessions/ListAvailable" disconnectURL="Sessions/Disconnect" logoffURL="Sessions/Logoff" /><clientAssistantProxy getDetectionTicketURL="ClientAssistant/GetDetectionTicket" getDetectionStatusURL="ClientAssistant/GetDetectionStatus" /></storeProxy><pluginAssistant enabled="true" upgradeAtLogin="false" showAfterLogin="false"><win32 path="http://downloadplugins.citrix.com/Windows/CitrixReceiverWeb.exe" /><macOS path="http://downloadplugins.citrix.com/Mac/CitrixReceiverWeb.dmg" minimumSupportedOSVersion="10.6" /><html5 enabled="Off" platforms="Firefox;Chrome;Version/([6-9]|\d\d).*Safari;MSIE \d\d;Trident/([6-9]|\d\d);Android;iPad;iPhone;iPod;" launchURL="clients/HTML5Client/src/SessionWindow.html" preferences="" singleTabLaunch="false" chromeAppOrigins="chrome-extension://haiffjcadagjlijoggckpgfnoeiflnem" chromeAppPreferences="" /><protocolHandler enabled="true" platforms="(Macintosh|Windows NT).*((Firefox/((5[2-9]|[6789][0-9])|\d\d\d))|(Chrome/((4[2-9]|[56789][0-9])|\d\d\d)))" skipDoubleHopCheckWhenDisabled="false" /></pluginAssistant><userInterface autoLaunchDesktop="false" multiClickTimeout="15" enableAppsFolderView="true"><workspaceControl enabled="true" autoReconnectAtLogon="true" logoffAction="disconnect" showReconnectButton="true" showDisconnectButton="true" /><receiverConfiguration enabled="true" downloadURL="ServiceRecord/GetDocument/receiverconfig.cr" /><uiViews showDesktopsView="true" showAppsView="true" defaultView="desktops" /><appShortcuts enabled="false" allowSessionReconnect="false" /></userInterface><featureToggles><feature name="Citrix.DeliveryServices.WingImpl.AlwaysOnTracing" enabled="True" /><feature name="Citrix.DeliveryServices.DazzleResources.Web.AlwaysOnTracing" enabled="True" /><feature name="Citrix.DeliveryServices.DazzleResourcesController.AnonymousPrelaunch" enabled="True" /><feature name="Citrix.StoreFront.Roaming.NetScalerConfiguration" enabled="True" /><feature name="Citrix.DeliveryServices.Admin.NetScalerImport" enabled="True" /><feature name="Citrix.DeliveryServices.WebUI.ClientDetection.IfRequiredByApps" enabled="True" /><feature name="Citrix.DeliveryServices.WebUI.WebviewCredentialSupport" enabled="True" /><feature name="Citrix.DeliveryServices.ZonePreference" enabled="True" /><feature name="Citrix.StoreFront.Authentication.Saml" enabled="True" /><feature name="Citrix.StoreFront.AuthenticationToken.Jwt" enabled="False" /><feature name="Citrix.StoreFront.Authentication.Cloud" enabled="False" /><feature name="Citrix.StoreFront.XenMobile.SmartAccess" enabled="True" /><feature name="Citrix.DeliveryServices.Authentication.SelfServiceAccountManagement" enabled="True" /><feature name="Citrix.StoreFront.MultipleIISWebsites" enabled="True" /><feature name="Citrix.DeliveryServices.HdxOverUdp" enabled="True" /><feature name="Citrix.StoreFront.WebAndSaaSApps" enabled="False" /><feature name="Citrix.DeliveryServices.Authentication.Explicit.ExplicitJson" enabled="True" /><feature name="StoreFrontCloudAdmin" enabled="False" /><feature name="StoreFrontCloudDeployment" enabled="False" /><feature name="StoreFrontGWaaS_Product_RestrictPop" enabled="False" /><feature name="StoreFrontMultiTenantBrokerService" enabled="False" /></featureToggles></clientSettings>