<?xml version="1.0" encoding="utf-8"?>
<VugenScriptMetadata>
  <ScriptName>CitrixICA_SearchPatient_v2</ScriptName>
  <Protocol>Citrix ICA, Web - HTTP/HTML</Protocol>
  <ActionFiles>
    <FileEntry Name="vuser_init.c" Filter="2" />
    <FileEntry Name="Login.c" Filter="2" />
    <FileEntry Name="Action.c" Filter="2" />
    <FileEntry Name="vuser_end.c" Filter="2" />
  </ActionFiles>
  <GeneralFiles>
    <FileEntry Name="CitrixICA_SearchPatient_v2.usr" Filter="4" />
    <FileEntry Name="default.cfg" Filter="4" />
    <FileEntry Name="default.usp" Filter="4" />
    <FileEntry Name="CitrixICA_SearchPatient_v2.prm" Filter="2" />
    <FileEntry Name="globals.h" Filter="2" />
    <FileEntry Name="Citrix_Desktop111.dat" Filter="2" />
    <FileEntry Name="UserName.dat" Filter="2" />
    <FileEntry Name="CitrixExt1.xsl" Filter="2" />
    <FileEntry Name="combined_CitrixICA_SearchPatient_v2.c" Filter="2" />
    <FileEntry Name="pre_cci.c" Filter="2" />
    <FileEntry Name="113345130441.idx" Filter="1" />
    <FileEntry Name="46500350441.idx" Filter="1" />
    <FileEntry Name="Bookmarks.xml" Filter="1" />
    <FileEntry Name="Breakpoints.xml" Filter="1" />
    <FileEntry Name="CitrixICA_SearchPatient.prm.bak" Filter="1" />
    <FileEntry Name="CitrixICA_SearchPatient_v2.c.pickle" Filter="1" />
    <FileEntry Name="CitrixICA_SearchPatient_v2.ci" Filter="1" />
    <FileEntry Name="CitrixICA_SearchPatient_v2.prm.bak" Filter="1" />
    <FileEntry Name="CitrixICA_SearchPatient_v2.sdf" Filter="1" />
    <FileEntry Name="CompilerLogMetadata.xml" Filter="1" />
    <FileEntry Name="custom_body_variables.txt" Filter="1" />
    <FileEntry Name="logfile.log" Filter="1" />
    <FileEntry Name="lrw_custom_body.h" Filter="1" />
    <FileEntry Name="mdrv.log" Filter="1" />
    <FileEntry Name="mdrvcw9.431.log" Filter="1" />
    <FileEntry Name="mdrvCWp.985.log" Filter="1" />
    <FileEntry Name="mdrvGfO.763.log" Filter="1" />
    <FileEntry Name="mdrvk1T.645.log" Filter="1" />
    <FileEntry Name="mdrvnMY.973.log" Filter="1" />
    <FileEntry Name="mdrv_cmd.txt" Filter="1" />
    <FileEntry Name="nfuse_(null).ica" Filter="1" />
    <FileEntry Name="nfuse_(null).ica.vuser.modified" Filter="1" />
    <FileEntry Name="nfuse_1.ica" Filter="1" />
    <FileEntry Name="nfuse_1.ica.vuser1.modified" Filter="1" />
    <FileEntry Name="nfuse_2.ica" Filter="1" />
    <FileEntry Name="nfuse_2.ica.vuser2.modified" Filter="1" />
    <FileEntry Name="nfuse_3.ica" Filter="1" />
    <FileEntry Name="nfuse_3.ica.vuser3.modified" Filter="1" />
    <FileEntry Name="nfuse_4.ica" Filter="1" />
    <FileEntry Name="nfuse_4.ica.vuser4.modified" Filter="1" />
    <FileEntry Name="nfuse_5.ica" Filter="1" />
    <FileEntry Name="nfuse_5.ica.vuser5.modified" Filter="1" />
    <FileEntry Name="options.txt" Filter="1" />
    <FileEntry Name="output.bak" Filter="1" />
    <FileEntry Name="output.txt" Filter="1" />
    <FileEntry Name="Password.dat" Filter="1" />
    <FileEntry Name="ReplaySummaryReport.xml" Filter="1" />
    <FileEntry Name="ScriptUploadMetadata.xml" Filter="1" />
    <FileEntry Name="ThumbnailsCache.tmp" Filter="1" />
    <FileEntry Name="UserTasks.xml" Filter="1" />
    <FileEntry Name="result1\" Filter="1" />
  </GeneralFiles>
</VugenScriptMetadata>