<?xml version="1.0" encoding="utf-8"?>
<VugenScriptMetadata>
  <ScriptName>CitrixICA_SearchPatient_v2</ScriptName>
  <Protocol>Citrix ICA, Web - HTTP/HTML</Protocol>
  <ActionFiles>
    <FileEntry Name="vuser_init.c" Filter="2" />
    <FileEntry Name="Login.c" Filter="2" />
    <FileEntry Name="Action.c" Filter="2" />
    <FileEntry Name="vuser_end.c" Filter="2" />
  </ActionFiles>
  <GeneralFiles>
    <FileEntry Name="CitrixICA_SearchPatient_v2.usr" Filter="4" />
    <FileEntry Name="default.cfg" Filter="4" />
    <FileEntry Name="default.usp" Filter="4" />
    <FileEntry Name="CitrixICA_SearchPatient_v2.prm" Filter="2" />
    <FileEntry Name="globals.h" Filter="2" />
    <FileEntry Name="Citrix_Desktop111.dat" Filter="2" />
    <FileEntry Name="UserName.dat" Filter="2" />
    <FileEntry Name="CitrixExt1.xsl" Filter="2" />
    <FileEntry Name="combined_CitrixICA_SearchPatient_v2.c" Filter="2" />
    <FileEntry Name="pre_cci.c" Filter="2" />
    <FileEntry Name="113345130441.idx" Filter="1" />
    <FileEntry Name="212250610440.idx" Filter="1" />
    <FileEntry Name="212250610441.idx" Filter="1" />
    <FileEntry Name="21225061044_0nb.835.idx" Filter="1" />
    <FileEntry Name="21225061044_1Kt.113.idx" Filter="1" />
    <FileEntry Name="21225061044_20Z.961.idx" Filter="1" />
    <FileEntry Name="21225061044_2W2.773.idx" Filter="1" />
    <FileEntry Name="21225061044_3lE.129.idx" Filter="1" />
    <FileEntry Name="21225061044_9g9.21.idx" Filter="1" />
    <FileEntry Name="21225061044_CXV.277.idx" Filter="1" />
    <FileEntry Name="21225061044_EaB.927.idx" Filter="1" />
    <FileEntry Name="21225061044_FlE.777.idx" Filter="1" />
    <FileEntry Name="21225061044_HAK.775.idx" Filter="1" />
    <FileEntry Name="21225061044_inT.531.idx" Filter="1" />
    <FileEntry Name="21225061044_kAH.279.idx" Filter="1" />
    <FileEntry Name="21225061044_LZ5.925.idx" Filter="1" />
    <FileEntry Name="21225061044_oUh.779.idx" Filter="1" />
    <FileEntry Name="21225061044_oVp.157.idx" Filter="1" />
    <FileEntry Name="21225061044_ozK.351.idx" Filter="1" />
    <FileEntry Name="21225061044_Px3.707.idx" Filter="1" />
    <FileEntry Name="21225061044_q9q.477.idx" Filter="1" />
    <FileEntry Name="21225061044_q9u.337.idx" Filter="1" />
    <FileEntry Name="21225061044_qHz.143.idx" Filter="1" />
    <FileEntry Name="21225061044_qlY.811.idx" Filter="1" />
    <FileEntry Name="21225061044_Rpy.201.idx" Filter="1" />
    <FileEntry Name="21225061044_Ssv.761.idx" Filter="1" />
    <FileEntry Name="21225061044_TMe.343.idx" Filter="1" />
    <FileEntry Name="21225061044_Uor.177.idx" Filter="1" />
    <FileEntry Name="21225061044_UPS.45.idx" Filter="1" />
    <FileEntry Name="21225061044_VoH.955.idx" Filter="1" />
    <FileEntry Name="21225061044_yab.515.idx" Filter="1" />
    <FileEntry Name="21225061044_yCc.991.idx" Filter="1" />
    <FileEntry Name="21225061044_zeB.813.idx" Filter="1" />
    <FileEntry Name="242336422441.idx" Filter="1" />
    <FileEntry Name="24233642244_1FY.352.idx" Filter="1" />
    <FileEntry Name="24233642244_4hM.926.idx" Filter="1" />
    <FileEntry Name="24233642244_4Kp.962.idx" Filter="1" />
    <FileEntry Name="24233642244_5nN.158.idx" Filter="1" />
    <FileEntry Name="24233642244_6ju.202.idx" Filter="1" />
    <FileEntry Name="24233642244_6Kn.956.idx" Filter="1" />
    <FileEntry Name="24233642244_7ji.708.idx" Filter="1" />
    <FileEntry Name="24233642244_cGX.778.idx" Filter="1" />
    <FileEntry Name="24233642244_co5.130.idx" Filter="1" />
    <FileEntry Name="24233642244_cqW.516.idx" Filter="1" />
    <FileEntry Name="24233642244_ezG.178.idx" Filter="1" />
    <FileEntry Name="24233642244_fFe.992.idx" Filter="1" />
    <FileEntry Name="24233642244_j6D.532.idx" Filter="1" />
    <FileEntry Name="24233642244_K1b.22.idx" Filter="1" />
    <FileEntry Name="24233642244_kLq.278.idx" Filter="1" />
    <FileEntry Name="24233642244_kmX.762.idx" Filter="1" />
    <FileEntry Name="24233642244_Mok.46.idx" Filter="1" />
    <FileEntry Name="24233642244_oD2.144.idx" Filter="1" />
    <FileEntry Name="24233642244_ouk.774.idx" Filter="1" />
    <FileEntry Name="24233642244_qlA.114.idx" Filter="1" />
    <FileEntry Name="24233642244_rAR.776.idx" Filter="1" />
    <FileEntry Name="24233642244_rPg.478.idx" Filter="1" />
    <FileEntry Name="24233642244_s30.344.idx" Filter="1" />
    <FileEntry Name="24233642244_TIL.280.idx" Filter="1" />
    <FileEntry Name="24233642244_u4j.836.idx" Filter="1" />
    <FileEntry Name="24233642244_vs5.812.idx" Filter="1" />
    <FileEntry Name="24233642244_Yet.338.idx" Filter="1" />
    <FileEntry Name="46500350441.idx" Filter="1" />
    <FileEntry Name="Bookmarks.xml" Filter="1" />
    <FileEntry Name="Breakpoints.xml" Filter="1" />
    <FileEntry Name="CitrixICA_SearchPatient.prm.bak" Filter="1" />
    <FileEntry Name="CitrixICA_SearchPatient_v2.c.pickle" Filter="1" />
    <FileEntry Name="CitrixICA_SearchPatient_v2.ci" Filter="1" />
    <FileEntry Name="CitrixICA_SearchPatient_v2.prm.bak" Filter="1" />
    <FileEntry Name="CitrixICA_SearchPatient_v2.sdf" Filter="1" />
    <FileEntry Name="CompilerLogMetadata.xml" Filter="1" />
    <FileEntry Name="custom_body_variables.txt" Filter="1" />
    <FileEntry Name="logfile.log" Filter="1" />
    <FileEntry Name="lrw_custom_body.h" Filter="1" />
    <FileEntry Name="mdrv.log" Filter="1" />
    <FileEntry Name="mdrv5Sf.89.log" Filter="1" />
    <FileEntry Name="mdrvcw9.431.log" Filter="1" />
    <FileEntry Name="mdrvCWp.985.log" Filter="1" />
    <FileEntry Name="mdrvDag.717.log" Filter="1" />
    <FileEntry Name="mdrvGfO.763.log" Filter="1" />
    <FileEntry Name="mdrvk1T.645.log" Filter="1" />
    <FileEntry Name="mdrvnMY.973.log" Filter="1" />
    <FileEntry Name="mdrvUFc.101.log" Filter="1" />
    <FileEntry Name="mdrv_cmd.txt" Filter="1" />
    <FileEntry Name="nfuse_(null).ica" Filter="1" />
    <FileEntry Name="nfuse_(null).ica.vuser.modified" Filter="1" />
    <FileEntry Name="nfuse_1.ica" Filter="1" />
    <FileEntry Name="nfuse_2.ica" Filter="1" />
    <FileEntry Name="nfuse_3.ica" Filter="1" />
    <FileEntry Name="nfuse_3.ica.vuser3.modified" Filter="1" />
    <FileEntry Name="options.txt" Filter="1" />
    <FileEntry Name="output.bak" Filter="1" />
    <FileEntry Name="output.txt" Filter="1" />
    <FileEntry Name="Password.dat" Filter="1" />
    <FileEntry Name="ReplaySummaryReport.xml" Filter="1" />
    <FileEntry Name="ScriptUploadMetadata.xml" Filter="1" />
    <FileEntry Name="ThumbnailsCache.tmp" Filter="1" />
    <FileEntry Name="UserTasks.xml" Filter="1" />
    <FileEntry Name="result1\" Filter="1" />
  </GeneralFiles>
</VugenScriptMetadata>