<?xml version="1.0" encoding="utf-8"?>
<VugenScriptMetadata>
  <ScriptName>CAD_Create_Patinet_v1</ScriptName>
  <Protocol>Citrix ICA, Web - HTTP/HTML</Protocol>
  <ActionFiles>
    <FileEntry Name="vuser_init.c" Filter="2" />
    <FileEntry Name="Login.c" Filter="2" />
    <FileEntry Name="Action.c" Filter="2" />
    <FileEntry Name="Logout.c" Filter="2" />
    <FileEntry Name="vuser_end.c" Filter="2" />
  </ActionFiles>
  <GeneralFiles>
    <FileEntry Name="CAD_Create_Patinet_v1.usr" Filter="4" />
    <FileEntry Name="default.cfg" Filter="4" />
    <FileEntry Name="default.usp" Filter="4" />
    <FileEntry Name="CAD_Create_Patinet_v1.prm" Filter="2" />
    <FileEntry Name="globals.h" Filter="2" />
    <FileEntry Name="CITRIX_DESKTOP.dat" Filter="2" />
    <FileEntry Name="UserName.dat" Filter="2" />
    <FileEntry Name="CitrixExt1.xsl" Filter="2" />
    <FileEntry Name="combined_CAD_Create_Patinet_v1.c" Filter="2" />
    <FileEntry Name="pre_cci.c" Filter="2" />
    <FileEntry Name="205876382440.idx" Filter="1" />
    <FileEntry Name="205876382441.idx" Filter="1" />
    <FileEntry Name="20587638244_9En.892.idx" Filter="1" />
    <FileEntry Name="20587638244_aGd.395.idx" Filter="1" />
    <FileEntry Name="20587638244_Ctn.377.idx" Filter="1" />
    <FileEntry Name="20587638244_dlN.87.idx" Filter="1" />
    <FileEntry Name="20587638244_kxg.963.idx" Filter="1" />
    <FileEntry Name="20587638244_mqM.735.idx" Filter="1" />
    <FileEntry Name="20587638244_vP4.825.idx" Filter="1" />
    <FileEntry Name="20587638244_yaK.890.idx" Filter="1" />
    <FileEntry Name="27560717440.idx" Filter="1" />
    <FileEntry Name="27560717441.idx" Filter="1" />
    <FileEntry Name="Bookmarks.xml" Filter="1" />
    <FileEntry Name="Breakpoints.xml" Filter="1" />
    <FileEntry Name="CAD_Create_Patinet_v1.c.pickle" Filter="1" />
    <FileEntry Name="CAD_Create_Patinet_v1.ci" Filter="1" />
    <FileEntry Name="CAD_Create_Patinet_v1.prm.bak" Filter="1" />
    <FileEntry Name="CAD_Create_Patinet_v1.sdf" Filter="1" />
    <FileEntry Name="CAD_Treatment_Process_V3.prm.bak" Filter="1" />
    <FileEntry Name="CompilerLogMetadata.xml" Filter="1" />
    <FileEntry Name="custom_body_variables.txt" Filter="1" />
    <FileEntry Name="data.zip" Filter="1" />
    <FileEntry Name="logfile.log" Filter="1" />
    <FileEntry Name="lrw_custom_body.h" Filter="1" />
    <FileEntry Name="mdrv42v.183.log" Filter="1" />
    <FileEntry Name="mdrvASN.667.log" Filter="1" />
    <FileEntry Name="mdrvbN5.335.log" Filter="1" />
    <FileEntry Name="mdrvdA7.707.log" Filter="1" />
    <FileEntry Name="mdrvrBl.557.log" Filter="1" />
    <FileEntry Name="mdrvwXT.667.log" Filter="1" />
    <FileEntry Name="mdrvzgB.321.log" Filter="1" />
    <FileEntry Name="mdrv_cmd.txt" Filter="1" />
    <FileEntry Name="nfuse_(null).ica" Filter="1" />
    <FileEntry Name="nfuse_(null).ica.vuser.modified" Filter="1" />
    <FileEntry Name="nfuse_1.ica" Filter="1" />
    <FileEntry Name="nfuse_1.ica.vuser1.modified" Filter="1" />
    <FileEntry Name="nfuse_11.ica" Filter="1" />
    <FileEntry Name="nfuse_11.ica.vuser11.modified" Filter="1" />
    <FileEntry Name="nfuse_12.ica" Filter="1" />
    <FileEntry Name="nfuse_12.ica.vuser12.modified" Filter="1" />
    <FileEntry Name="nfuse_13.ica" Filter="1" />
    <FileEntry Name="nfuse_13.ica.vuser13.modified" Filter="1" />
    <FileEntry Name="nfuse_2.ica" Filter="1" />
    <FileEntry Name="nfuse_2.ica.vuser2.modified" Filter="1" />
    <FileEntry Name="nfuse_3.ica" Filter="1" />
    <FileEntry Name="nfuse_3.ica.vuser3.modified" Filter="1" />
    <FileEntry Name="options.txt" Filter="1" />
    <FileEntry Name="output.bak" Filter="1" />
    <FileEntry Name="output.txt" Filter="1" />
    <FileEntry Name="Password.dat" Filter="1" />
    <FileEntry Name="RandNum.dat" Filter="1" />
    <FileEntry Name="ReplaySummaryReport.xml" Filter="1" />
    <FileEntry Name="ScriptUploadMetadata.xml" Filter="1" />
    <FileEntry Name="ThumbnailsCache.tmp" Filter="1" />
    <FileEntry Name="TransactionsData.db" Filter="1" />
    <FileEntry Name="UserTasks.xml" Filter="1" />
    <FileEntry Name="WGVuRGVza3RvcCBDb250cm9sbGVyLlRlc3RDQTJHQiAkUzQ4LTg2 (15).ica" Filter="1" />
    <FileEntry Name="data\" Filter="1" />
    <FileEntry Name="result1\" Filter="1" />
  </GeneralFiles>
</VugenScriptMetadata>