[
    {
        "actionName": "Action",
        "steps": [
            {
                "stepId": "STEP1",
                "stepName": "Url: SmileDirectClubWeb",
                "infFile": "t1.inf",
                "time": 1567591159825
            },
            {
                "stepId": "STEP2",
                "stepName": "Custom Request: Configuration",
                "infFile": "t3.inf",
                "time": 1567591159956
            },
            {
                "stepId": "STEP3",
                "stepName": "Custom Request: GetDetectionTicket",
                "infFile": "t4.inf",
                "time": 1567591159998
            },
            {
                "stepId": "STEP4",
                "stepName": "Custom Request: GetDetectionStatus",
                "infFile": "t5.inf",
                "time": 1567591160049
            },
            {
                "stepId": "STEP5",
                "stepName": "Custom Request: GetDetectionStatus_2",
                "infFile": "t6.inf",
                "time": 1567591160084
            },
            {
                "stepId": "STEP6",
                "stepName": "Submit Data: List",
                "infFile": "t7.inf",
                "time": 1567591160133
            },
            {
                "stepId": "STEP7",
                "stepName": "Custom Request: GetAuthMethods",
                "infFile": "t8.inf",
                "time": 1567591160171
            },
            {
                "stepId": "STEP8",
                "stepName": "Submit Data: LoginAttempt",
                "infFile": "t10.inf",
                "time": 1567591160440
            },
            {
                "stepId": "STEP9",
                "stepName": "Custom Request: reportDetectionStatus",
                "infFile": "t11.inf",
                "time": 1567591160478
            },
            {
                "stepId": "STEP10",
                "stepName": "Submit Data: List_2",
                "infFile": "t12.inf",
                "time": 1567591160608
            },
            {
                "stepId": "STEP11",
                "stepName": "Custom Request: AllowSelfServiceAccountManagement",
                "infFile": "t14.inf",
                "time": 1567591160697
            },
            {
                "stepId": "STEP12",
                "stepName": "Submit Data: {ICA_FILE}",
                "infFile": "t15.inf",
                "time": 1567591176296
            },
            {
                "stepId": "STEP13",
                "stepName": "Custom Request: Disconnect",
                "infFile": "t16.inf",
                "time": 1567591993726
            },
            {
                "stepId": "STEP14",
                "stepName": "Custom Request: Logoff",
                "infFile": "t17.inf",
                "time": 1567591993759
            }
        ],
        "transactions": [
            {
                "transactionName": "Click_VDI",
                "rawStartTime": 1567591175702,
                "rawEndTime": 1567591178259,
                "thinkTime": 0.0,
                "wastedTime": 0.005200386047363281
            },
            {
                "transactionName": "Open_ICA",
                "rawStartTime": 1567591223264,
                "rawEndTime": 1567591223268,
                "thinkTime": 0.0,
                "wastedTime": 0.0
            },
            {
                "transactionName": "Open_CAD",
                "rawStartTime": 1567591268273,
                "rawEndTime": 1567591268392,
                "thinkTime": 0.0,
                "wastedTime": 0.0
            },
            {
                "transactionName": "Open_Patient_files",
                "rawStartTime": 1567591298398,
                "rawEndTime": 1567591298605,
                "thinkTime": 0.0,
                "wastedTime": 0.0
            },
            {
                "transactionName": "Create",
                "rawStartTime": 1567591308610,
                "rawEndTime": 1567591308715,
                "thinkTime": 0.0,
                "wastedTime": 0.0
            },
            {
                "transactionName": "Fill_patient_details",
                "rawStartTime": 1567591308718,
                "rawEndTime": 1567591321032,
                "thinkTime": 0.0,
                "wastedTime": 0.0
            },
            {
                "transactionName": "Load_STL_FILES",
                "rawStartTime": 1567591351039,
                "rawEndTime": 1567591364371,
                "thinkTime": 10.000727,
                "wastedTime": 0.0
            },
            {
                "transactionName": "Open_stlfiles",
                "rawStartTime": 1567591424376,
                "rawEndTime": 1567591424598,
                "thinkTime": 0.0,
                "wastedTime": 0.0
            },
            {
                "transactionName": "Step1",
                "rawStartTime": 1567591469603,
                "rawEndTime": 1567591475139,
                "thinkTime": 5.000186,
                "wastedTime": 0.0
            },
            {
                "transactionName": "Step2",
                "rawStartTime": 1567591490144,
                "rawEndTime": 1567591682335,
                "thinkTime": 188.010783,
                "wastedTime": 0.0
            },
            {
                "transactionName": "Step3",
                "rawStartTime": 1567591712340,
                "rawEndTime": 1567591712447,
                "thinkTime": 0.0,
                "wastedTime": 0.0
            },
            {
                "transactionName": "Step4",
                "rawStartTime": 1567591832453,
                "rawEndTime": 1567591832573,
                "thinkTime": 0.0,
                "wastedTime": 0.0
            },
            {
                "transactionName": "Export_stl",
                "rawStartTime": 1567591892578,
                "rawEndTime": 1567591954462,
                "thinkTime": 60.000137,
                "wastedTime": 0.0
            },
            {
                "transactionName": "Home",
                "rawStartTime": 1567591969468,
                "rawEndTime": 1567591969680,
                "thinkTime": 0.0,
                "wastedTime": 0.0
            },
            {
                "transactionName": "Close_CAD",
                "rawStartTime": 1567591989687,
                "rawEndTime": 1567591989915,
                "thinkTime": 0.0,
                "wastedTime": 0.0
            },
            {
                "transactionName": "Close_Citrix",
                "rawStartTime": 1567591989917,
                "rawEndTime": 1567591993441,
                "thinkTime": 0.0,
                "wastedTime": 0.0
            },
            {
                "transactionName": "Logout",
                "rawStartTime": 1567591993444,
                "rawEndTime": 1567591993761,
                "thinkTime": 0.0,
                "wastedTime": 0.010650396347045899
            }
        ]
    }
]