<?xml version="1.0" encoding="utf-8"?>
<VugenScriptMetadata>
  <ScriptName>CAD_Create_Patinet_P2_v2</ScriptName>
  <Protocol>Citrix ICA, Web - HTTP/HTML</Protocol>
  <ActionFiles>
    <FileEntry Name="vuser_init.c" Filter="2" />
    <FileEntry Name="Action.c" Filter="2" />
    <FileEntry Name="vuser_end.c" Filter="2" />
  </ActionFiles>
  <GeneralFiles>
    <FileEntry Name="CAD_Create_Patinet_P2_v2.usr" Filter="4" />
    <FileEntry Name="default.cfg" Filter="4" />
    <FileEntry Name="default.usp" Filter="4" />
    <FileEntry Name="CAD_Create_Patinet_P2_v2.prm" Filter="2" />
    <FileEntry Name="globals.h" Filter="2" />
    <FileEntry Name="CITRIX_DESKTOP.dat" Filter="2" />
    <FileEntry Name="UserName.dat" Filter="2" />
    <FileEntry Name="CitrixExt1.xsl" Filter="2" />
    <FileEntry Name="combined_CAD_Create_Patinet_P2_v2.c" Filter="2" />
    <FileEntry Name="pre_cci.c" Filter="2" />
    <FileEntry Name="162707030441.idx" Filter="1" />
    <FileEntry Name="27494077441.idx" Filter="1" />
    <FileEntry Name="2749407744_0H0.743.idx" Filter="1" />
    <FileEntry Name="2749407744_9tC.59.idx" Filter="1" />
    <FileEntry Name="2749407744_DOG.693.idx" Filter="1" />
    <FileEntry Name="2749407744_KFP.693.idx" Filter="1" />
    <FileEntry Name="2749407744_rkd.517.idx" Filter="1" />
    <FileEntry Name="2749407744_S7F.197.idx" Filter="1" />
    <FileEntry Name="2749407744_SsI.925.idx" Filter="1" />
    <FileEntry Name="2749407744_sZ5.699.idx" Filter="1" />
    <FileEntry Name="2749407744_TeI.251.idx" Filter="1" />
    <FileEntry Name="2749407744_v4C.961.idx" Filter="1" />
    <FileEntry Name="Bookmarks.xml" Filter="1" />
    <FileEntry Name="Breakpoints.xml" Filter="1" />
    <FileEntry Name="CAD_Create_Patinet_P2_v2.c.pickle" Filter="1" />
    <FileEntry Name="CAD_Create_Patinet_P2_v2.ci" Filter="1" />
    <FileEntry Name="CAD_Create_Patinet_P2_v2.prm.bak" Filter="1" />
    <FileEntry Name="CAD_Create_Patinet_P2_v2.sdf" Filter="1" />
    <FileEntry Name="CAD_Treatment_Plan_P2.prm" Filter="1" />
    <FileEntry Name="CAD_Treatment_Plan_P2.prm.bak" Filter="1" />
    <FileEntry Name="CitrixICA_Multi18.prm.bak" Filter="1" />
    <FileEntry Name="CompilerLogMetadata.xml" Filter="1" />
    <FileEntry Name="custom_body_variables.txt" Filter="1" />
    <FileEntry Name="ICA_FILE.dat" Filter="1" />
    <FileEntry Name="logfile.log" Filter="1" />
    <FileEntry Name="lrw_custom_body.h" Filter="1" />
    <FileEntry Name="mdrvDaa.495.log" Filter="1" />
    <FileEntry Name="mdrvTdx.15.log" Filter="1" />
    <FileEntry Name="mdrvVM7.341.log" Filter="1" />
    <FileEntry Name="mdrvZWQ.919.log" Filter="1" />
    <FileEntry Name="mdrv_cmd.txt" Filter="1" />
    <FileEntry Name="nfuse_(null).ica" Filter="1" />
    <FileEntry Name="nfuse_(null).ica.vuser.modified" Filter="1" />
    <FileEntry Name="nfuse_1.ica" Filter="1" />
    <FileEntry Name="nfuse_1.ica.vuser1.modified" Filter="1" />
    <FileEntry Name="nfuse_2.ica" Filter="1" />
    <FileEntry Name="nfuse_3.ica" Filter="1" />
    <FileEntry Name="nfuse_3.ica.vuser3.modified" Filter="1" />
    <FileEntry Name="options.txt" Filter="1" />
    <FileEntry Name="output.bak" Filter="1" />
    <FileEntry Name="output.txt" Filter="1" />
    <FileEntry Name="OutputColoringDatabase.json" Filter="1" />
    <FileEntry Name="Password.dat" Filter="1" />
    <FileEntry Name="ReplaySummaryReport.xml" Filter="1" />
    <FileEntry Name="ScriptUploadMetadata.xml" Filter="1" />
    <FileEntry Name="ThumbnailsCache.tmp" Filter="1" />
    <FileEntry Name="UserTasks.xml" Filter="1" />
    <FileEntry Name="data\" Filter="1" />
    <FileEntry Name="result1\" Filter="1" />
  </GeneralFiles>
</VugenScriptMetadata>